script	active_severity_or_advisory_keywords	filter_design	configurable_settings	severity_conditions	row_filter_criteria	evidence_basis	rule_evaluation_confidence	root_cause_confidence	confidence_reason	interpretation_limit	threshold_review_status
00_environment/01_server_instance_overview.sql	none	NO_SEVERITY_LABEL	none	none mechanically extracted	none mechanically extracted	CATALOG_OR_CONFIGURATION_FACT	NOT_APPLICABLE	NOT_APPLICABLE	No severity label is emitted by active SQL.	Current database/instance state only; provider, OS, application, and historical context may still be required.	MECHANICALLY_EXTRACTED_REVIEW_REQUIRED
00_environment/02_extensions_installed.sql	none	NO_SEVERITY_LABEL	none	none mechanically extracted	none mechanically extracted	CATALOG_OR_CONFIGURATION_FACT	NOT_APPLICABLE	NOT_APPLICABLE	No severity label is emitted by active SQL.	Current database/instance state only; provider, OS, application, and historical context may still be required.	MECHANICALLY_EXTRACTED_REVIEW_REQUIRED
00_environment/03_database_catalog_overview.sql	none	NO_SEVERITY_LABEL	none	none mechanically extracted	WHERE nspname !~ '^pg_' AND nspname <> 'information_schema' || AND n.nspname <> 'information_schema'	CATALOG_OR_CONFIGURATION_FACT	NOT_APPLICABLE	NOT_APPLICABLE	No severity label is emitted by active SQL.	Current database/instance state only; provider, OS, application, and historical context may still be required.	MECHANICALLY_EXTRACTED_REVIEW_REQUIRED
01_database_size/01_databases_size.sql	none	NO_SEVERITY_LABEL	none	none mechanically extracted	WHERE c.relkind IN ('r', 'm') || AND n.nspname <> 'information_schema'	CATALOG_OR_CONFIGURATION_FACT	NOT_APPLICABLE	NOT_APPLICABLE	No severity label is emitted by active SQL.	Current database/instance state only; provider, OS, application, and historical context may still be required.	MECHANICALLY_EXTRACTED_REVIEW_REQUIRED
01_database_size/02_current_database_size_breakdown.sql	none	NO_SEVERITY_LABEL	none	none mechanically extracted	WHERE c.relkind IN ('r', 'm') || AND n.nspname <> 'information_schema'	CATALOG_OR_CONFIGURATION_FACT	NOT_APPLICABLE	NOT_APPLICABLE	No severity label is emitted by active SQL.	Current database/instance state only; provider, OS, application, and historical context may still be required.	MECHANICALLY_EXTRACTED_REVIEW_REQUIRED
01_database_size/03_tablespaces_size.sql	none	NO_SEVERITY_LABEL	none	none mechanically extracted	none mechanically extracted	CATALOG_OR_CONFIGURATION_FACT	NOT_APPLICABLE	NOT_APPLICABLE	No severity label is emitted by active SQL.	Current database/instance state only; provider, OS, application, and historical context may still be required.	MECHANICALLY_EXTRACTED_REVIEW_REQUIRED
02_table_storage/01_table_size_breakdown.sql	none	NO_SEVERITY_LABEL	none	none mechanically extracted	WHERE c.relkind IN ('r', 'm') || AND n.nspname <> 'information_schema'	CATALOG_OR_CONFIGURATION_FACT	NOT_APPLICABLE	NOT_APPLICABLE	No severity label is emitted by active SQL.	Current database/instance state only; provider, OS, application, and historical context may still be required.	MECHANICALLY_EXTRACTED_REVIEW_REQUIRED
02_table_storage/02_top_largest_tables.sql	none	NO_SEVERITY_LABEL	none	none mechanically extracted	WHERE c.relkind IN ('r', 'm') || AND n.nspname <> 'information_schema'	PLANNER_OR_MAINTENANCE_ESTIMATE	NOT_APPLICABLE	NOT_APPLICABLE	No severity label is emitted by active SQL.	Statistics are sampled/estimated and may be stale; confirm ANALYZE recency and targeted evidence before action.	MECHANICALLY_EXTRACTED_REVIEW_REQUIRED
02_table_storage/03_table_growth_baseline_snapshot.sql	none	NO_SEVERITY_LABEL	none	none mechanically extracted	none mechanically extracted	PLANNER_OR_MAINTENANCE_ESTIMATE	NOT_APPLICABLE	NOT_APPLICABLE	No severity label is emitted by active SQL.	Statistics are sampled/estimated and may be stale; confirm ANALYZE recency and targeted evidence before action.	MECHANICALLY_EXTRACTED_REVIEW_REQUIRED
02_table_storage/04_relation_storage_parameters.sql	none	NO_SEVERITY_LABEL	none	none mechanically extracted	WHERE c.relkind IN ('r', 'm', 'p') || AND n.nspname <> 'information_schema'	CATALOG_OR_CONFIGURATION_FACT	NOT_APPLICABLE	NOT_APPLICABLE	No severity label is emitted by active SQL.	Current database/instance state only; provider, OS, application, and historical context may still be required.	MECHANICALLY_EXTRACTED_REVIEW_REQUIRED
03_index_analysis/01_index_size_and_usage.sql	none	NO_SEVERITY_LABEL	none	none mechanically extracted	none mechanically extracted	CUMULATIVE_INSTANCE_COUNTER	NOT_APPLICABLE	NOT_APPLICABLE	No severity label is emitted by active SQL.	Counter totals are not current rates; calculate deltas across a known interval and account for resets.	MECHANICALLY_EXTRACTED_REVIEW_REQUIRED
03_index_analysis/02_unused_indexes_candidates.sql	none	NO_SEVERITY_LABEL	none	none mechanically extracted	none mechanically extracted	CUMULATIVE_INSTANCE_COUNTER	NOT_APPLICABLE	NOT_APPLICABLE	No severity label is emitted by active SQL.	Counter totals are not current rates; calculate deltas across a known interval and account for resets.	MECHANICALLY_EXTRACTED_REVIEW_REQUIRED
03_index_analysis/03_duplicate_indexes.sql	none	NO_SEVERITY_LABEL	none	none mechanically extracted	AND n.nspname <> 'information_schema'	CATALOG_OR_CONFIGURATION_FACT	NOT_APPLICABLE	NOT_APPLICABLE	No severity label is emitted by active SQL.	Current database/instance state only; provider, OS, application, and historical context may still be required.	MECHANICALLY_EXTRACTED_REVIEW_REQUIRED
03_index_analysis/04_index_maintenance_candidates.sql	HIGH,MEDIUM,REVIEW	HARDCODED_THRESHOLD	none	s.idx_scan = 0 AND pg_relation_size(s.indexrelid) >= 1024::bigint * 1024 * 1024 || s.idx_scan < 100 AND pg_relation_size(s.indexrelid) >= 512::bigint * 1024 * 1024	none mechanically extracted	CUMULATIVE_INSTANCE_COUNTER	MEDIUM	LOW	The rule is explicit, but its input is cumulative, sampled, estimated, or capture-cadence dependent.	Counter totals are not current rates; calculate deltas across a known interval and account for resets.	MECHANICALLY_EXTRACTED_REVIEW_REQUIRED
04_toast_lob_blob/01_tables_with_toast.sql	none	NO_SEVERITY_LABEL	none	none mechanically extracted	WHERE c.relkind IN ('r', 'm') || AND c.reltoastrelid <> 0 || AND n.nspname <> 'information_schema'	CATALOG_OR_CONFIGURATION_FACT	NOT_APPLICABLE	NOT_APPLICABLE	No severity label is emitted by active SQL.	Current database/instance state only; provider, OS, application, and historical context may still be required.	MECHANICALLY_EXTRACTED_REVIEW_REQUIRED
04_toast_lob_blob/02_toast_heavy_tables.sql	none	NO_SEVERITY_LABEL	none	none mechanically extracted	WHERE c.relkind IN ('r', 'm') || AND n.nspname <> 'information_schema' || WHERE table_total_bytes > 0	CATALOG_OR_CONFIGURATION_FACT	NOT_APPLICABLE	NOT_APPLICABLE	No severity label is emitted by active SQL.	Current database/instance state only; provider, OS, application, and historical context may still be required.	MECHANICALLY_EXTRACTED_REVIEW_REQUIRED
04_toast_lob_blob/03_large_objects_summary.sql	none	NO_SEVERITY_LABEL	none	none mechanically extracted	none mechanically extracted	CATALOG_OR_CONFIGURATION_FACT	NOT_APPLICABLE	NOT_APPLICABLE	No severity label is emitted by active SQL.	Current database/instance state only; provider, OS, application, and historical context may still be required.	MECHANICALLY_EXTRACTED_REVIEW_REQUIRED
04_toast_lob_blob/04_top_large_objects.sql	none	NO_SEVERITY_LABEL	none	none mechanically extracted	none mechanically extracted	CATALOG_OR_CONFIGURATION_FACT	NOT_APPLICABLE	NOT_APPLICABLE	No severity label is emitted by active SQL.	Current database/instance state only; provider, OS, application, and historical context may still be required.	MECHANICALLY_EXTRACTED_REVIEW_REQUIRED
05_partitioning/01_partitioned_tables_overview.sql	none	NO_SEVERITY_LABEL	none	none mechanically extracted	none mechanically extracted	CATALOG_OR_CONFIGURATION_FACT	NOT_APPLICABLE	NOT_APPLICABLE	No severity label is emitted by active SQL.	Current database/instance state only; provider, OS, application, and historical context may still be required.	MECHANICALLY_EXTRACTED_REVIEW_REQUIRED
05_partitioning/02_partition_size_distribution.sql	none	NO_SEVERITY_LABEL	none	none mechanically extracted	none mechanically extracted	CATALOG_OR_CONFIGURATION_FACT	NOT_APPLICABLE	NOT_APPLICABLE	No severity label is emitted by active SQL.	Current database/instance state only; provider, OS, application, and historical context may still be required.	MECHANICALLY_EXTRACTED_REVIEW_REQUIRED
05_partitioning/03_partitions_without_indexes.sql	none	NO_SEVERITY_LABEL	none	none mechanically extracted	none mechanically extracted	CATALOG_OR_CONFIGURATION_FACT	NOT_APPLICABLE	NOT_APPLICABLE	No severity label is emitted by active SQL.	Current database/instance state only; provider, OS, application, and historical context may still be required.	MECHANICALLY_EXTRACTED_REVIEW_REQUIRED
05_partitioning/04_partitioning_recommendation_candidates.sql	LOW	ADVISORY_LABEL_ONLY	none	none mechanically extracted	none mechanically extracted	PLANNER_OR_MAINTENANCE_ESTIMATE	LOW	LOW	Severity wording exists but no CASE threshold was mechanically traceable; manual interpretation is required.	Statistics are sampled/estimated and may be stale; confirm ANALYZE recency and targeted evidence before action.	MECHANICALLY_EXTRACTED_REVIEW_REQUIRED
05_partitioning/05_partition_sme_decision_scorecard.sql	none	NO_SEVERITY_LABEL	none	none mechanically extracted	AND a.attnum > 0 || WHERE a.atttypid IN ( || AND schemaname <> 'information_schema'	PLANNER_OR_MAINTENANCE_ESTIMATE	NOT_APPLICABLE	NOT_APPLICABLE	No severity label is emitted by active SQL.	Statistics are sampled/estimated and may be stale; confirm ANALYZE recency and targeted evidence before action.	MECHANICALLY_EXTRACTED_REVIEW_REQUIRED
05_partitioning/06_partition_target_table_deep_advisor.sql	none	NO_SEVERITY_LABEL	none	none mechanically extracted	AND c.relkind IN ('r', 'p'); || AND a.attnum > 0 || AND a.atttypid IN (	PLANNER_OR_MAINTENANCE_ESTIMATE	NOT_APPLICABLE	NOT_APPLICABLE	No severity label is emitted by active SQL.	Statistics are sampled/estimated and may be stale; confirm ANALYZE recency and targeted evidence before action.	MECHANICALLY_EXTRACTED_REVIEW_REQUIRED
05_partitioning/07_partition_lab_generate_5gb_timeseries.sql	none	NO_SEVERITY_LABEL	none	none mechanically extracted	none mechanically extracted	LAB_WORKFLOW	NOT_APPLICABLE	NOT_APPLICABLE	No severity label is emitted by active SQL.	Use only in an isolated disposable database.	MECHANICALLY_EXTRACTED_REVIEW_REQUIRED
06_activity_locks/01_active_sessions.sql	none	NO_SEVERITY_LABEL	none	none mechanically extracted	WHERE a.pid <> pg_backend_pid()	LIVE_INSTANCE_SNAPSHOT	NOT_APPLICABLE	NOT_APPLICABLE	No severity label is emitted by active SQL.	Point-in-time evidence can miss intermittent events; repeat or sample and correlate with logs.	MECHANICALLY_EXTRACTED_REVIEW_REQUIRED
06_activity_locks/02_blocking_and_blocked_sessions.sql	none	NO_SEVERITY_LABEL	none	none mechanically extracted	none mechanically extracted	LIVE_INSTANCE_SNAPSHOT	NOT_APPLICABLE	NOT_APPLICABLE	No severity label is emitted by active SQL.	Point-in-time evidence can miss intermittent events; repeat or sample and correlate with logs.	MECHANICALLY_EXTRACTED_REVIEW_REQUIRED
06_activity_locks/03_long_running_transactions.sql	none	NO_SEVERITY_LABEL	none	none mechanically extracted	WHERE xact_start IS NOT NULL || AND now() - xact_start >= interval '5 minutes'	LIVE_INSTANCE_SNAPSHOT	NOT_APPLICABLE	NOT_APPLICABLE	No severity label is emitted by active SQL.	Point-in-time evidence can miss intermittent events; repeat or sample and correlate with logs.	MECHANICALLY_EXTRACTED_REVIEW_REQUIRED
06_activity_locks/04_wait_events_summary.sql	HIGH,REVIEW	ADVISORY_LABEL_ONLY	none	none mechanically extracted	none mechanically extracted	CUMULATIVE_PG_STAT_STATEMENTS	LOW	LOW	Severity wording exists but no CASE threshold was mechanically traceable; manual interpretation is required.	Values cover the period since each entry/statistics reset; use interval snapshots for incident-window rates and percentages.	MECHANICALLY_EXTRACTED_REVIEW_REQUIRED
07_vacuum_bloat/01_table_bloat_estimate.sql	CRITICAL,HIGH,LOW,MEDIUM,REVIEW	HARDCODED_THRESHOLD	none	est_bloat_bytes >= 10::bigint * 1024 * 1024 * 1024 OR ( round(100.0 * est_bloat_bytes / NULLIF(total_bytes, 0), 2) >= 30 AND total_bytes >= 1024::bigint * 1024 * 1024 ) || est_bloat_bytes >= 1024::bigint * 1024 * 1024 OR ( round(100.0 * est_bloat_bytes / NULLIF(total_bytes, 0), 2) >= 20 AND total_bytes >= 256::bigint * 1024 * 1024 ) || est_bloat_bytes >= 256::bigint * 1024 * 1024 OR ( round(100.0 * est_bloat_bytes / NULLIF(total_bytes, 0), 2) >= 10 AND total_bytes >= 64::bigint * 1024 * 1024 )	AND total_bytes >= 1024::bigint * 1024 * 1024 || AND total_bytes >= 256::bigint * 1024 * 1024 || AND total_bytes >= 64::bigint * 1024 * 1024 || WHERE n_dead_tup > 0	PLANNER_OR_MAINTENANCE_ESTIMATE	MEDIUM	LOW	The rule is explicit, but its input is cumulative, sampled, estimated, or capture-cadence dependent.	Statistics are sampled/estimated and may be stale; confirm ANALYZE recency and targeted evidence before action.	MECHANICALLY_EXTRACTED_REVIEW_REQUIRED
07_vacuum_bloat/02_autovacuum_table_status.sql	none	NO_SEVERITY_LABEL	none	none mechanically extracted	none mechanically extracted	PLANNER_OR_MAINTENANCE_ESTIMATE	NOT_APPLICABLE	NOT_APPLICABLE	No severity label is emitted by active SQL.	Statistics are sampled/estimated and may be stale; confirm ANALYZE recency and targeted evidence before action.	MECHANICALLY_EXTRACTED_REVIEW_REQUIRED
07_vacuum_bloat/03_freeze_age_risk.sql	CRITICAL,HIGH,LOW,MEDIUM,REVIEW	HARDCODED_THRESHOLD	none	r.max_freeze_age >= s.freeze_max_age * 0.90 || r.max_freeze_age >= s.freeze_max_age * 0.75 || r.max_freeze_age >= s.freeze_max_age * 0.50	WHERE c.relkind IN ('r', 'm') || AND n.nspname <> 'information_schema'	CATALOG_OR_CONFIGURATION_FACT	HIGH	LOW	The rule is explicit and evaluates current catalog/configuration or live-state evidence.	Current database/instance state only; provider, OS, application, and historical context may still be required.	MECHANICALLY_EXTRACTED_REVIEW_REQUIRED
07_vacuum_bloat/04_dead_tuples_hotspots.sql	CRITICAL,HIGH,LOW,MEDIUM,REVIEW	HARDCODED_THRESHOLD	none	autovacuum_disabled AND n_dead_tup > estimated_autovacuum_trigger_tuples || n_dead_tup >= 10000000 OR ( dead_tuple_pct >= 30 AND total_bytes >= 1024::bigint * 1024 * 1024 ) || n_dead_tup >= 1000000 OR ( dead_tuple_pct >= 20 AND total_bytes >= 256::bigint * 1024 * 1024 ) || n_dead_tup >= 100000 OR ( dead_tuple_pct >= 10 AND total_bytes >= 64::bigint * 1024 * 1024 )	AND total_bytes >= 1024::bigint * 1024 * 1024 || AND total_bytes >= 256::bigint * 1024 * 1024 || AND total_bytes >= 64::bigint * 1024 * 1024 || WHERE n_dead_tup > 0	PLANNER_OR_MAINTENANCE_ESTIMATE	MEDIUM	LOW	The rule is explicit, but its input is cumulative, sampled, estimated, or capture-cadence dependent.	Statistics are sampled/estimated and may be stale; confirm ANALYZE recency and targeted evidence before action.	MECHANICALLY_EXTRACTED_REVIEW_REQUIRED
07_vacuum_bloat/05_vacuum_progress.sql	none	NO_SEVERITY_LABEL	none	none mechanically extracted	none mechanically extracted	CATALOG_OR_CONFIGURATION_FACT	NOT_APPLICABLE	NOT_APPLICABLE	No severity label is emitted by active SQL.	Current database/instance state only; provider, OS, application, and historical context may still be required.	MECHANICALLY_EXTRACTED_REVIEW_REQUIRED
07_vacuum_bloat/06_pgstattuple_safe_bloat_candidates.sql	none	NO_SEVERITY_LABEL	none	none mechanically extracted	WHERE s.n_dead_tup >= 10000 || AND 100.0 * s.n_dead_tup / (s.n_live_tup + s.n_dead_tup) >= 10	PLANNER_OR_MAINTENANCE_ESTIMATE	NOT_APPLICABLE	NOT_APPLICABLE	No severity label is emitted by active SQL.	Statistics are sampled/estimated and may be stale; confirm ANALYZE recency and targeted evidence before action.	MECHANICALLY_EXTRACTED_REVIEW_REQUIRED
08_replication_ha/01_primary_replication_status.sql	none	NO_SEVERITY_LABEL	none	none mechanically extracted	none mechanically extracted	CATALOG_OR_CONFIGURATION_FACT	NOT_APPLICABLE	NOT_APPLICABLE	No severity label is emitted by active SQL.	Current database/instance state only; provider, OS, application, and historical context may still be required.	MECHANICALLY_EXTRACTED_REVIEW_REQUIRED
08_replication_ha/02_standby_replay_status.sql	none	NO_SEVERITY_LABEL	none	none mechanically extracted	none mechanically extracted	CATALOG_OR_CONFIGURATION_FACT	NOT_APPLICABLE	NOT_APPLICABLE	No severity label is emitted by active SQL.	Current database/instance state only; provider, OS, application, and historical context may still be required.	MECHANICALLY_EXTRACTED_REVIEW_REQUIRED
08_replication_ha/03_replication_slots_health.sql	none	NO_SEVERITY_LABEL	none	none mechanically extracted	none mechanically extracted	CATALOG_OR_CONFIGURATION_FACT	NOT_APPLICABLE	NOT_APPLICABLE	No severity label is emitted by active SQL.	Current database/instance state only; provider, OS, application, and historical context may still be required.	MECHANICALLY_EXTRACTED_REVIEW_REQUIRED
08_replication_ha/04_wal_generation_rate.sql	none	NO_SEVERITY_LABEL	none	none mechanically extracted	none mechanically extracted	CUMULATIVE_INSTANCE_COUNTER	NOT_APPLICABLE	NOT_APPLICABLE	No severity label is emitted by active SQL.	Counter totals are not current rates; calculate deltas across a known interval and account for resets.	MECHANICALLY_EXTRACTED_REVIEW_REQUIRED
09_security_roles/01_roles_and_membership.sql	none	NO_SEVERITY_LABEL	none	none mechanically extracted	none mechanically extracted	CATALOG_OR_CONFIGURATION_FACT	NOT_APPLICABLE	NOT_APPLICABLE	No severity label is emitted by active SQL.	Current database/instance state only; provider, OS, application, and historical context may still be required.	MECHANICALLY_EXTRACTED_REVIEW_REQUIRED
09_security_roles/02_high_privilege_roles.sql	none	NO_SEVERITY_LABEL	none	none mechanically extracted	none mechanically extracted	CATALOG_OR_CONFIGURATION_FACT	NOT_APPLICABLE	NOT_APPLICABLE	No severity label is emitted by active SQL.	Current database/instance state only; provider, OS, application, and historical context may still be required.	MECHANICALLY_EXTRACTED_REVIEW_REQUIRED
09_security_roles/03_table_grants_by_role.sql	none	NO_SEVERITY_LABEL	none	none mechanically extracted	AND table_schema <> 'information_schema'	CATALOG_OR_CONFIGURATION_FACT	NOT_APPLICABLE	NOT_APPLICABLE	No severity label is emitted by active SQL.	Current database/instance state only; provider, OS, application, and historical context may still be required.	MECHANICALLY_EXTRACTED_REVIEW_REQUIRED
09_security_roles/04_default_privileges.sql	none	NO_SEVERITY_LABEL	none	none mechanically extracted	none mechanically extracted	CATALOG_OR_CONFIGURATION_FACT	NOT_APPLICABLE	NOT_APPLICABLE	No severity label is emitted by active SQL.	Current database/instance state only; provider, OS, application, and historical context may still be required.	MECHANICALLY_EXTRACTED_REVIEW_REQUIRED
10_maintenance_monitoring/01_bgwriter_checkpoint_stats.sql	none	NO_SEVERITY_LABEL	none	none mechanically extracted	none mechanically extracted	CATALOG_OR_CONFIGURATION_FACT	NOT_APPLICABLE	NOT_APPLICABLE	No severity label is emitted by active SQL.	Current database/instance state only; provider, OS, application, and historical context may still be required.	MECHANICALLY_EXTRACTED_REVIEW_REQUIRED
10_maintenance_monitoring/02_cache_hit_ratio.sql	CRITICAL,HIGH,LOW,MEDIUM,REVIEW	HARDCODED_THRESHOLD	none	coalesce(table_cache_hit_pct, 100) < 90 OR coalesce(index_cache_hit_pct, 100) < 90 || coalesce(table_cache_hit_pct, 100) < 95 OR coalesce(index_cache_hit_pct, 100) < 95 || coalesce(table_cache_hit_pct, 100) < 99 OR coalesce(index_cache_hit_pct, 100) < 99	none mechanically extracted	CUMULATIVE_INSTANCE_COUNTER	MEDIUM	LOW	The rule is explicit, but its input is cumulative, sampled, estimated, or capture-cadence dependent.	Counter totals are not current rates; calculate deltas across a known interval and account for resets.	MECHANICALLY_EXTRACTED_REVIEW_REQUIRED
10_maintenance_monitoring/03_top_statements_pg_stat_statements.sql	none	NO_SEVERITY_LABEL	none	none mechanically extracted	OR r.temp_bytes_total >= greatest(r.read_bytes, r.write_bytes, r.wal_bytes) || AND r.read_bytes >= greatest(r.temp_bytes_total, r.write_bytes, r.wal_bytes) || OR r.wal_bytes >= greatest(r.temp_bytes_total, r.read_bytes, r.write_bytes) || WHERE r.rank_by_total_time <= 10	CUMULATIVE_PG_STAT_STATEMENTS	NOT_APPLICABLE	NOT_APPLICABLE	No severity label is emitted by active SQL.	Values cover the period since each entry/statistics reset; use interval snapshots for incident-window rates and percentages.	MECHANICALLY_EXTRACTED_REVIEW_REQUIRED
10_maintenance_monitoring/04_non_default_config.sql	none	NO_SEVERITY_LABEL	none	none mechanically extracted	WHERE source <> 'default'	CATALOG_OR_CONFIGURATION_FACT	NOT_APPLICABLE	NOT_APPLICABLE	No severity label is emitted by active SQL.	Current database/instance state only; provider, OS, application, and historical context may still be required.	MECHANICALLY_EXTRACTED_REVIEW_REQUIRED
10_maintenance_monitoring/05_connection_capacity.sql	none	NO_SEVERITY_LABEL	none	none mechanically extracted	none mechanically extracted	LIVE_INSTANCE_SNAPSHOT	NOT_APPLICABLE	NOT_APPLICABLE	No severity label is emitted by active SQL.	Point-in-time evidence can miss intermittent events; repeat or sample and correlate with logs.	MECHANICALLY_EXTRACTED_REVIEW_REQUIRED
11_performance_tuning/01_top_queries_by_total_exec_time.sql	HIGH	CONFIGURABLE_OVERRIDE	pgdiag.include_noise; pgdiag.max_rows; pgdiag.min_calls; pgdiag.min_exec_pct; pgdiag.query_filter	none mechanically extracted	WHERE s.calls >= p.min_calls || WHERE round((100.0 * b.total_exec_time / NULLIF(t.all_exec_ms, 0))::numeric, 2) >= (SELECT min_exec_pct FROM params)	CUMULATIVE_PG_STAT_STATEMENTS	LOW	LOW	Severity wording exists but no CASE threshold was mechanically traceable; manual interpretation is required.	Values cover the period since each entry/statistics reset; use interval snapshots for incident-window rates and percentages.	MECHANICALLY_EXTRACTED_REVIEW_REQUIRED
11_performance_tuning/02_top_queries_by_mean_exec_time.sql	HIGH,LOW	CONFIGURABLE_OVERRIDE	pgdiag.include_noise; pgdiag.max_rows; pgdiag.min_calls; pgdiag.min_exec_pct; pgdiag.query_filter	b.calls < 100	WHERE s.calls >= p.min_calls || WHERE round((100.0 * b.total_exec_time / NULLIF(t.all_exec_ms, 0))::numeric, 2) >= (SELECT min_exec_pct FROM params)	CUMULATIVE_PG_STAT_STATEMENTS	MEDIUM	LOW	The rule is explicit, but its input is cumulative, sampled, estimated, or capture-cadence dependent.	Values cover the period since each entry/statistics reset; use interval snapshots for incident-window rates and percentages.	MECHANICALLY_EXTRACTED_REVIEW_REQUIRED
11_performance_tuning/03_temp_file_heavy_queries.sql	none	NO_SEVERITY_LABEL	pgdiag.min_temp_pct	none mechanically extracted	WHERE temp_blks_written > 0 || WHERE round(100.0 * temp_blks_written / NULLIF(t.all_temp_blks_written, 0), 2) >= (SELECT min_temp_pct FROM params)	CUMULATIVE_PG_STAT_STATEMENTS	NOT_APPLICABLE	NOT_APPLICABLE	No severity label is emitted by active SQL.	Values cover the period since each entry/statistics reset; use interval snapshots for incident-window rates and percentages.	MECHANICALLY_EXTRACTED_REVIEW_REQUIRED
11_performance_tuning/04_io_bound_query_candidates.sql	none	NO_SEVERITY_LABEL	pgdiag.min_io_pct	none mechanically extracted	WHERE calls >= 20 || AND round(100.0 * shared_blks_read / NULLIF(t.all_shared_reads, 0), 2) >= (SELECT min_io_pct FROM params)	CUMULATIVE_PG_STAT_STATEMENTS	NOT_APPLICABLE	NOT_APPLICABLE	No severity label is emitted by active SQL.	Values cover the period since each entry/statistics reset; use interval snapshots for incident-window rates and percentages.	MECHANICALLY_EXTRACTED_REVIEW_REQUIRED
11_performance_tuning/05_performance_related_settings.sql	none	NO_SEVERITY_LABEL	none	none mechanically extracted	WHERE name IN (	CATALOG_OR_CONFIGURATION_FACT	NOT_APPLICABLE	NOT_APPLICABLE	No severity label is emitted by active SQL.	Current database/instance state only; provider, OS, application, and historical context may still be required.	MECHANICALLY_EXTRACTED_REVIEW_REQUIRED
11_performance_tuning/06_function_hotspots.sql	none	NO_SEVERITY_LABEL	none	none mechanically extracted	none mechanically extracted	CATALOG_OR_CONFIGURATION_FACT	NOT_APPLICABLE	NOT_APPLICABLE	No severity label is emitted by active SQL.	Current database/instance state only; provider, OS, application, and historical context may still be required.	MECHANICALLY_EXTRACTED_REVIEW_REQUIRED
11_performance_tuning/07_top_10_cpu_intensive_queries_pgadmin.sql	HIGH,LOW	CONFIGURABLE_OVERRIDE	pgdiag.min_cpu_pct	pgss.calls > 10000 AND pgss.mean_exec_time < 10	WHERE round((100.0 * pgss.total_exec_time / NULLIF(t.total_exec_time_all, 0))::numeric, 2) >= (SELECT min_cpu_pct FROM params)	CUMULATIVE_PG_STAT_STATEMENTS	MEDIUM	LOW	The rule is explicit, but its input is cumulative, sampled, estimated, or capture-cadence dependent.	Values cover the period since each entry/statistics reset; use interval snapshots for incident-window rates and percentages.	MECHANICALLY_EXTRACTED_REVIEW_REQUIRED
11_performance_tuning/08_top_10_temp_disk_spill_queries_pgadmin.sql	REVIEW	CONFIGURABLE_OVERRIDE	pgdiag.min_temp_pct	none mechanically extracted	WHERE s.temp_blks_read + s.temp_blks_written > 0 || WHERE round((100.0 * (s.temp_blks_read + s.temp_blks_written) / NULLIF(t.total_temp_blks, 0))::numeric, 2) >= (SELECT min_temp_pct FROM params)	CUMULATIVE_PG_STAT_STATEMENTS	LOW	LOW	Severity wording exists but no CASE threshold was mechanically traceable; manual interpretation is required.	Values cover the period since each entry/statistics reset; use interval snapshots for incident-window rates and percentages.	MECHANICALLY_EXTRACTED_REVIEW_REQUIRED
11_performance_tuning/09_top_10_memory_pressure_queries_pgadmin.sql	REVIEW	CONFIGURABLE_OVERRIDE	pgdiag.min_memory_pct	none mechanically extracted	WHERE s.temp_blks_read + s.temp_blks_written > 0 || WHERE round((100.0 * (s.temp_blks_read + s.temp_blks_written) / NULLIF(t.total_temp_blks, 0))::numeric, 2) >= (SELECT min_memory_pct FROM params)	CUMULATIVE_PG_STAT_STATEMENTS	LOW	LOW	Severity wording exists but no CASE threshold was mechanically traceable; manual interpretation is required.	Values cover the period since each entry/statistics reset; use interval snapshots for incident-window rates and percentages.	MECHANICALLY_EXTRACTED_REVIEW_REQUIRED
11_performance_tuning/10_active_top_10_runtime_pressure_pgadmin.sql	REVIEW	ADVISORY_LABEL_ONLY	none	none mechanically extracted	WHERE a.pid <> pg_backend_pid()	LIVE_INSTANCE_SNAPSHOT	LOW	LOW	Severity wording exists but no CASE threshold was mechanically traceable; manual interpretation is required.	Point-in-time evidence can miss intermittent events; repeat or sample and correlate with logs.	MECHANICALLY_EXTRACTED_REVIEW_REQUIRED
12_planner_statistics/01_tables_needing_analyze.sql	none	NO_SEVERITY_LABEL	none	none mechanically extracted	WHERE n_mod_since_analyze > 0	PLANNER_OR_MAINTENANCE_ESTIMATE	NOT_APPLICABLE	NOT_APPLICABLE	No severity label is emitted by active SQL.	Statistics are sampled/estimated and may be stale; confirm ANALYZE recency and targeted evidence before action.	MECHANICALLY_EXTRACTED_REVIEW_REQUIRED
12_planner_statistics/02_seq_scan_hotspots.sql	CRITICAL,HIGH,LOW,MEDIUM,REVIEW	HARDCODED_THRESHOLD	none	seq_scan >= 1000 AND coalesce(seq_scan_pct, 0) >= 80 AND total_bytes >= 1024::bigint * 1024 * 1024 || seq_scan >= 100 AND coalesce(seq_scan_pct, 0) >= 70 AND total_bytes >= 256::bigint * 1024 * 1024 || seq_scan >= 10 AND coalesce(seq_scan_pct, 0) >= 50 AND total_bytes >= 64::bigint * 1024 * 1024 || seq_scan > 0 AND coalesce(seq_scan_pct, 0) >= 80 || coalesce(seq_scan_pct, 0) >= 50	AND coalesce(seq_scan_pct, 0) >= 80 || AND total_bytes >= 1024::bigint * 1024 * 1024 || AND coalesce(seq_scan_pct, 0) >= 70 || AND total_bytes >= 256::bigint * 1024 * 1024 || AND coalesce(seq_scan_pct, 0) >= 50 || AND total_bytes >= 64::bigint * 1024 * 1024	PLANNER_OR_MAINTENANCE_ESTIMATE	MEDIUM	LOW	The rule is explicit, but its input is cumulative, sampled, estimated, or capture-cadence dependent.	Statistics are sampled/estimated and may be stale; confirm ANALYZE recency and targeted evidence before action.	MECHANICALLY_EXTRACTED_REVIEW_REQUIRED
12_planner_statistics/03_column_stats_profile.sql	none	NO_SEVERITY_LABEL	none	none mechanically extracted	AND schemaname <> 'information_schema'	PLANNER_OR_MAINTENANCE_ESTIMATE	NOT_APPLICABLE	NOT_APPLICABLE	No severity label is emitted by active SQL.	Statistics are sampled/estimated and may be stale; confirm ANALYZE recency and targeted evidence before action.	MECHANICALLY_EXTRACTED_REVIEW_REQUIRED
12_planner_statistics/04_extended_stats_candidates.sql	none	NO_SEVERITY_LABEL	none	none mechanically extracted	AND n.nspname <> 'information_schema'	CUMULATIVE_INSTANCE_COUNTER	NOT_APPLICABLE	NOT_APPLICABLE	No severity label is emitted by active SQL.	Counter totals are not current rates; calculate deltas across a known interval and account for resets.	MECHANICALLY_EXTRACTED_REVIEW_REQUIRED
12_planner_statistics/05_autovacuum_analyze_settings_by_table.sql	none	NO_SEVERITY_LABEL	none	none mechanically extracted	WHERE c.relkind IN ('r', 'm', 'p') || AND n.nspname <> 'information_schema' || AND c.reloptions IS NOT NULL	CATALOG_OR_CONFIGURATION_FACT	NOT_APPLICABLE	NOT_APPLICABLE	No severity label is emitted by active SQL.	Current database/instance state only; provider, OS, application, and historical context may still be required.	MECHANICALLY_EXTRACTED_REVIEW_REQUIRED
12_planner_statistics/06_planner_cost_settings.sql	none	NO_SEVERITY_LABEL	none	none mechanically extracted	WHERE name IN (	CATALOG_OR_CONFIGURATION_FACT	NOT_APPLICABLE	NOT_APPLICABLE	No severity label is emitted by active SQL.	Current database/instance state only; provider, OS, application, and historical context may still be required.	MECHANICALLY_EXTRACTED_REVIEW_REQUIRED
13_io_wal_checkpoints/01_database_io_profile.sql	none	NO_SEVERITY_LABEL	none	none mechanically extracted	WHERE datname NOT IN ('template0', 'template1')	CUMULATIVE_INSTANCE_COUNTER	NOT_APPLICABLE	NOT_APPLICABLE	No severity label is emitted by active SQL.	Counter totals are not current rates; calculate deltas across a known interval and account for resets.	MECHANICALLY_EXTRACTED_REVIEW_REQUIRED
13_io_wal_checkpoints/02_table_io_hotspots.sql	none	NO_SEVERITY_LABEL	none	none mechanically extracted	none mechanically extracted	CATALOG_OR_CONFIGURATION_FACT	NOT_APPLICABLE	NOT_APPLICABLE	No severity label is emitted by active SQL.	Current database/instance state only; provider, OS, application, and historical context may still be required.	MECHANICALLY_EXTRACTED_REVIEW_REQUIRED
13_io_wal_checkpoints/03_index_io_hotspots.sql	none	NO_SEVERITY_LABEL	none	none mechanically extracted	none mechanically extracted	CATALOG_OR_CONFIGURATION_FACT	NOT_APPLICABLE	NOT_APPLICABLE	No severity label is emitted by active SQL.	Current database/instance state only; provider, OS, application, and historical context may still be required.	MECHANICALLY_EXTRACTED_REVIEW_REQUIRED
13_io_wal_checkpoints/04_wal_archiver_health.sql	none	NO_SEVERITY_LABEL	none	none mechanically extracted	none mechanically extracted	CATALOG_OR_CONFIGURATION_FACT	NOT_APPLICABLE	NOT_APPLICABLE	No severity label is emitted by active SQL.	Current database/instance state only; provider, OS, application, and historical context may still be required.	MECHANICALLY_EXTRACTED_REVIEW_REQUIRED
13_io_wal_checkpoints/05_checkpoint_pressure_indicators.sql	REVIEW	ADVISORY_LABEL_ONLY	none	none mechanically extracted	none mechanically extracted	CATALOG_OR_CONFIGURATION_FACT	LOW	LOW	Severity wording exists but no CASE threshold was mechanically traceable; manual interpretation is required.	Current database/instance state only; provider, OS, application, and historical context may still be required.	MECHANICALLY_EXTRACTED_REVIEW_REQUIRED
13_io_wal_checkpoints/06_temp_file_usage_by_database.sql	none	NO_SEVERITY_LABEL	none	none mechanically extracted	WHERE datname NOT IN ('template0', 'template1')	CUMULATIVE_INSTANCE_COUNTER	NOT_APPLICABLE	NOT_APPLICABLE	No severity label is emitted by active SQL.	Counter totals are not current rates; calculate deltas across a known interval and account for resets.	MECHANICALLY_EXTRACTED_REVIEW_REQUIRED
13_io_wal_checkpoints/07_pg_stat_io_overview_pg16_plus.sql	none	NO_SEVERITY_LABEL	none	none mechanically extracted	none mechanically extracted	CUMULATIVE_INSTANCE_COUNTER	NOT_APPLICABLE	NOT_APPLICABLE	No severity label is emitted by active SQL.	Counter totals are not current rates; calculate deltas across a known interval and account for resets.	MECHANICALLY_EXTRACTED_REVIEW_REQUIRED
14_connection_workload/01_connections_by_user_app_db.sql	none	NO_SEVERITY_LABEL	none	none mechanically extracted	none mechanically extracted	LIVE_INSTANCE_SNAPSHOT	NOT_APPLICABLE	NOT_APPLICABLE	No severity label is emitted by active SQL.	Point-in-time evidence can miss intermittent events; repeat or sample and correlate with logs.	MECHANICALLY_EXTRACTED_REVIEW_REQUIRED
14_connection_workload/02_idle_in_transaction_risk.sql	none	NO_SEVERITY_LABEL	none	none mechanically extracted	none mechanically extracted	LIVE_INSTANCE_SNAPSHOT	NOT_APPLICABLE	NOT_APPLICABLE	No severity label is emitted by active SQL.	Point-in-time evidence can miss intermittent events; repeat or sample and correlate with logs.	MECHANICALLY_EXTRACTED_REVIEW_REQUIRED
14_connection_workload/03_connection_state_distribution.sql	none	NO_SEVERITY_LABEL	none	none mechanically extracted	none mechanically extracted	LIVE_INSTANCE_SNAPSHOT	NOT_APPLICABLE	NOT_APPLICABLE	No severity label is emitted by active SQL.	Point-in-time evidence can miss intermittent events; repeat or sample and correlate with logs.	MECHANICALLY_EXTRACTED_REVIEW_REQUIRED
14_connection_workload/04_role_connection_limit_risk.sql	none	NO_SEVERITY_LABEL	none	none mechanically extracted	none mechanically extracted	LIVE_INSTANCE_SNAPSHOT	NOT_APPLICABLE	NOT_APPLICABLE	No severity label is emitted by active SQL.	Point-in-time evidence can miss intermittent events; repeat or sample and correlate with logs.	MECHANICALLY_EXTRACTED_REVIEW_REQUIRED
14_connection_workload/05_backend_type_distribution.sql	none	NO_SEVERITY_LABEL	none	none mechanically extracted	none mechanically extracted	LIVE_INSTANCE_SNAPSHOT	NOT_APPLICABLE	NOT_APPLICABLE	No severity label is emitted by active SQL.	Point-in-time evidence can miss intermittent events; repeat or sample and correlate with logs.	MECHANICALLY_EXTRACTED_REVIEW_REQUIRED
14_connection_workload/06_prepared_transactions_status.sql	none	NO_SEVERITY_LABEL	none	none mechanically extracted	none mechanically extracted	CATALOG_OR_CONFIGURATION_FACT	NOT_APPLICABLE	NOT_APPLICABLE	No severity label is emitted by active SQL.	Current database/instance state only; provider, OS, application, and historical context may still be required.	MECHANICALLY_EXTRACTED_REVIEW_REQUIRED
15_capacity_forecasting/01_create_capacity_repository.sql	none	NO_SEVERITY_LABEL	none	none mechanically extracted	none mechanically extracted	REPOSITORY_HISTORY	NOT_APPLICABLE	NOT_APPLICABLE	No severity label is emitted by active SQL.	Accuracy depends on repository setup, capture cadence, retention, and uninterrupted collection.	MECHANICALLY_EXTRACTED_REVIEW_REQUIRED
15_capacity_forecasting/02_capture_database_size_snapshot.sql	none	NO_SEVERITY_LABEL	none	none mechanically extracted	none mechanically extracted	REPOSITORY_HISTORY	NOT_APPLICABLE	NOT_APPLICABLE	No severity label is emitted by active SQL.	Accuracy depends on repository setup, capture cadence, retention, and uninterrupted collection.	MECHANICALLY_EXTRACTED_REVIEW_REQUIRED
15_capacity_forecasting/03_capture_table_size_snapshot.sql	none	NO_SEVERITY_LABEL	none	none mechanically extracted	none mechanically extracted	PLANNER_OR_MAINTENANCE_ESTIMATE	NOT_APPLICABLE	NOT_APPLICABLE	No severity label is emitted by active SQL.	Statistics are sampled/estimated and may be stale; confirm ANALYZE recency and targeted evidence before action.	MECHANICALLY_EXTRACTED_REVIEW_REQUIRED
15_capacity_forecasting/04_capture_index_size_snapshot.sql	none	NO_SEVERITY_LABEL	none	none mechanically extracted	none mechanically extracted	CUMULATIVE_INSTANCE_COUNTER	NOT_APPLICABLE	NOT_APPLICABLE	No severity label is emitted by active SQL.	Counter totals are not current rates; calculate deltas across a known interval and account for resets.	MECHANICALLY_EXTRACTED_REVIEW_REQUIRED
15_capacity_forecasting/05_capture_connection_snapshot.sql	none	NO_SEVERITY_LABEL	none	none mechanically extracted	none mechanically extracted	LIVE_INSTANCE_SNAPSHOT	NOT_APPLICABLE	NOT_APPLICABLE	No severity label is emitted by active SQL.	Point-in-time evidence can miss intermittent events; repeat or sample and correlate with logs.	MECHANICALLY_EXTRACTED_REVIEW_REQUIRED
15_capacity_forecasting/06_capture_wal_snapshot.sql	none	NO_SEVERITY_LABEL	none	none mechanically extracted	none mechanically extracted	CUMULATIVE_INSTANCE_COUNTER	NOT_APPLICABLE	NOT_APPLICABLE	No severity label is emitted by active SQL.	Counter totals are not current rates; calculate deltas across a known interval and account for resets.	MECHANICALLY_EXTRACTED_REVIEW_REQUIRED
15_capacity_forecasting/07_database_growth_report.sql	none	NO_SEVERITY_LABEL	none	none mechanically extracted	none mechanically extracted	REPOSITORY_HISTORY	NOT_APPLICABLE	NOT_APPLICABLE	No severity label is emitted by active SQL.	Accuracy depends on repository setup, capture cadence, retention, and uninterrupted collection.	MECHANICALLY_EXTRACTED_REVIEW_REQUIRED
15_capacity_forecasting/08_table_growth_report.sql	none	NO_SEVERITY_LABEL	none	none mechanically extracted	none mechanically extracted	REPOSITORY_HISTORY	NOT_APPLICABLE	NOT_APPLICABLE	No severity label is emitted by active SQL.	Accuracy depends on repository setup, capture cadence, retention, and uninterrupted collection.	MECHANICALLY_EXTRACTED_REVIEW_REQUIRED
16_internals_deep_dive/01_database_xid_multixact_age.sql	none	NO_SEVERITY_LABEL	none	none mechanically extracted	none mechanically extracted	CATALOG_OR_CONFIGURATION_FACT	NOT_APPLICABLE	NOT_APPLICABLE	No severity label is emitted by active SQL.	Current database/instance state only; provider, OS, application, and historical context may still be required.	MECHANICALLY_EXTRACTED_REVIEW_REQUIRED
16_internals_deep_dive/02_relation_filenode_mapping.sql	none	NO_SEVERITY_LABEL	none	none mechanically extracted	AND n.nspname <> 'information_schema'	CATALOG_OR_CONFIGURATION_FACT	NOT_APPLICABLE	NOT_APPLICABLE	No severity label is emitted by active SQL.	Current database/instance state only; provider, OS, application, and historical context may still be required.	MECHANICALLY_EXTRACTED_REVIEW_REQUIRED
16_internals_deep_dive/03_system_catalog_size_profile.sql	none	NO_SEVERITY_LABEL	none	none mechanically extracted	WHERE n.nspname IN ('pg_catalog', 'information_schema')	CATALOG_OR_CONFIGURATION_FACT	NOT_APPLICABLE	NOT_APPLICABLE	No severity label is emitted by active SQL.	Current database/instance state only; provider, OS, application, and historical context may still be required.	MECHANICALLY_EXTRACTED_REVIEW_REQUIRED
16_internals_deep_dive/04_dependency_fanout_objects.sql	none	NO_SEVERITY_LABEL	none	none mechanically extracted	AND n.nspname <> 'information_schema'	CATALOG_OR_CONFIGURATION_FACT	NOT_APPLICABLE	NOT_APPLICABLE	No severity label is emitted by active SQL.	Current database/instance state only; provider, OS, application, and historical context may still be required.	MECHANICALLY_EXTRACTED_REVIEW_REQUIRED
16_internals_deep_dive/05_fsm_vm_toast_size_breakdown.sql	none	NO_SEVERITY_LABEL	none	none mechanically extracted	WHERE c.relkind IN ('r', 'm') || AND n.nspname <> 'information_schema'	CATALOG_OR_CONFIGURATION_FACT	NOT_APPLICABLE	NOT_APPLICABLE	No severity label is emitted by active SQL.	Current database/instance state only; provider, OS, application, and historical context may still be required.	MECHANICALLY_EXTRACTED_REVIEW_REQUIRED
16_internals_deep_dive/06_visibility_and_freeze_profile.sql	none	NO_SEVERITY_LABEL	none	none mechanically extracted	WHERE c.relkind IN ('r', 'm') || AND n.nspname <> 'information_schema'	PLANNER_OR_MAINTENANCE_ESTIMATE	NOT_APPLICABLE	NOT_APPLICABLE	No severity label is emitted by active SQL.	Statistics are sampled/estimated and may be stale; confirm ANALYZE recency and targeted evidence before action.	MECHANICALLY_EXTRACTED_REVIEW_REQUIRED
16_internals_deep_dive/07_toast_compression_storage_policy.sql	REVIEW	HARDCODED_THRESHOLD	none	s.toast_bytes >= 1024::bigint * 1024 * 1024 * 10 AND s.toast_bytes >= s.total_bytes * 0.50	WHERE c.relkind IN ('r', 'p', 'm') || AND a.attnum > 0 || AND n.nspname <> 'information_schema' || AND a.attstorage IN ('m', 'x', 'e') || AND s.toast_bytes >= s.total_bytes * 0.50 THEN 'TOAST_DOMINATES_TABLE' || AND s.toast_bytes >= s.total_bytes * 0.50 THEN 'Review access pattern, archive policy, compression method, and whether large attributes belong outside OLTP hot rows.'	CATALOG_OR_CONFIGURATION_FACT	HIGH	LOW	The rule is explicit and evaluates current catalog/configuration or live-state evidence.	Current database/instance state only; provider, OS, application, and historical context may still be required.	MECHANICALLY_EXTRACTED_REVIEW_REQUIRED
16_internals_deep_dive/08_relation_forks_persistence_map.sql	LOW,REVIEW	HARDCODED_THRESHOLD	none	pg_relation_size(oid, 'fsm') > pg_relation_size(oid, 'main') * 0.10 || pg_relation_size(oid, 'vm') = 0 AND pg_relation_size(oid, 'main') > 1024::bigint * 1024 * 1024	WHERE c.relkind IN ('r', 'p', 'm', 'i', 't') || AND n.nspname <> 'information_schema'	CATALOG_OR_CONFIGURATION_FACT	HIGH	LOW	The rule is explicit and evaluates current catalog/configuration or live-state evidence.	Current database/instance state only; provider, OS, application, and historical context may still be required.	MECHANICALLY_EXTRACTED_REVIEW_REQUIRED
16_internals_deep_dive/09_slru_control_checkpoint_internals.sql	none	NO_SEVERITY_LABEL	none	age(c.oldest_xid) > 1500000000 || age(c.oldest_xid) > 1000000000 || mxid_age(c.oldest_multi_xid) > 1000000000	none mechanically extracted	CATALOG_OR_CONFIGURATION_FACT	NOT_APPLICABLE	NOT_APPLICABLE	No severity label is emitted by active SQL.	Current database/instance state only; provider, OS, application, and historical context may still be required.	MECHANICALLY_EXTRACTED_REVIEW_REQUIRED
16_internals_deep_dive/10_wait_event_internals_live_map.sql	HIGH,REVIEW	STATE_OR_BOOLEAN_RULE	none	wait_event_type = 'IPC'	WHERE pid <> pg_backend_pid()	LIVE_INSTANCE_SNAPSHOT	HIGH	LOW	The rule is explicit and evaluates current catalog/configuration or live-state evidence.	Point-in-time evidence can miss intermittent events; repeat or sample and correlate with logs.	MECHANICALLY_EXTRACTED_REVIEW_REQUIRED
16_internals_deep_dive/11_internal_extension_readiness.sql	HIGH,LOW	STATE_OR_BOOLEAN_RULE	none	w.extension_name = 'pg_stat_statements' AND e.installed_version IS NULL	none mechanically extracted	CUMULATIVE_PG_STAT_STATEMENTS	MEDIUM	LOW	The rule is explicit, but its input is cumulative, sampled, estimated, or capture-cadence dependent.	Values cover the period since each entry/statistics reset; use interval snapshots for incident-window rates and percentages.	MECHANICALLY_EXTRACTED_REVIEW_REQUIRED
16_internals_deep_dive/12_backend_memory_contexts_snapshot.sql	none	NO_SEVERITY_LABEL	none	none mechanically extracted	none mechanically extracted	CUMULATIVE_PG_STAT_STATEMENTS	NOT_APPLICABLE	NOT_APPLICABLE	No severity label is emitted by active SQL.	Values cover the period since each entry/statistics reset; use interval snapshots for incident-window rates and percentages.	MECHANICALLY_EXTRACTED_REVIEW_REQUIRED
16_internals_deep_dive/13_postgres_internals_keyword_coverage_matrix.sql	REVIEW	ADVISORY_LABEL_ONLY	none	none mechanically extracted	none mechanically extracted	CUMULATIVE_PG_STAT_STATEMENTS	LOW	LOW	Severity wording exists but no CASE threshold was mechanically traceable; manual interpretation is required.	Values cover the period since each entry/statistics reset; use interval snapshots for incident-window rates and percentages.	MECHANICALLY_EXTRACTED_REVIEW_REQUIRED
16_internals_deep_dive/14_vacuum_internal_pressure_dashboard.sql	CRITICAL,HIGH,REVIEW	HARDCODED_THRESHOLD	none	s.autovacuum_enabled <> 'on' || NOT table_autovacuum_enabled || xid_age >= freeze_max_age * 0.90 || n_dead_tup >= vacuum_trigger * 2 || n_dead_tup >= vacuum_trigger || n_mod_since_analyze >= analyze_trigger	WHERE c.relkind IN ('r', 'm') || AND n.nspname NOT IN ('pg_catalog', 'information_schema') || WHERE n_dead_tup >= vacuum_trigger || OR n_mod_since_analyze >= analyze_trigger || OR xid_age >= freeze_max_age * 0.50 || WHERE a.pid <> pg_backend_pid() || AND a.xact_start IS NOT NULL || OR a.backend_xmin IS NOT NULL	LIVE_INSTANCE_SNAPSHOT	HIGH	LOW	The rule is explicit and evaluates current catalog/configuration or live-state evidence.	Point-in-time evidence can miss intermittent events; repeat or sample and correlate with logs.	MECHANICALLY_EXTRACTED_REVIEW_REQUIRED
16_internals_deep_dive/15_wal_write_path_pressure_dashboard.sql	CRITICAL,HIGH,LOW,REVIEW	HARDCODED_THRESHOLD	none	has_wal_operation_counts AND wal_sync_time / NULLIF(wal_sync, 0) >= 10 || has_wal_operation_counts AND wal_write_time / NULLIF(wal_write, 0) >= 10 || wal_buffers_full / stats_age_seconds >= 0.1 || failed_count > 0 AND last_failed_time >= coalesce(last_archived_time, '-infinity'::timestamptz) || NOT active AND coalesce(pg_wal_lsn_diff(pg_current_wal_lsn(), restart_lsn), 0) >= 10::numeric * 1024 * 1024 * 1024 || NOT active || coalesce(pg_wal_lsn_diff(pg_current_wal_lsn(), restart_lsn), 0) >= 10::numeric * 1024 * 1024 * 1024 || 'max_wal_size'	WHERE a.wait_event_type IS NOT NULL || OR a.backend_type IN ('walsender', 'walwriter') || WHERE name IN (	LIVE_INSTANCE_SNAPSHOT	HIGH	LOW	The rule is explicit and evaluates current catalog/configuration or live-state evidence.	Point-in-time evidence can miss intermittent events; repeat or sample and correlate with logs.	MECHANICALLY_EXTRACTED_REVIEW_REQUIRED
16_internals_deep_dive/16_checkpoint_background_writer_pressure_15_plus.sql	HIGH,OK,REVIEW,WARN	HARDCODED_THRESHOLD	none	100.0 * num_requested / NULLIF(num_timed + num_requested, 0) >= 20 || write_time / NULLIF(num_timed + num_requested, 0) >= 30000 || sync_time / NULLIF(num_timed + num_requested, 0) >= 1000 || maxwritten_clean / age_seconds >= 0.01 || 100.0 * checkpoints_req / NULLIF(checkpoints_timed + checkpoints_req, 0) >= 20 || checkpoint_write_time / NULLIF(checkpoints_timed + checkpoints_req, 0) >= 30000 || checkpoint_sync_time / NULLIF(checkpoints_timed + checkpoints_req, 0) >= 1000 || buffers_backend > buffers_clean	WHERE wait_event_type IN ('IO', 'LWLock')	LIVE_INSTANCE_SNAPSHOT	HIGH	LOW	The rule is explicit and evaluates current catalog/configuration or live-state evidence.	Point-in-time evidence can miss intermittent events; repeat or sample and correlate with logs.	MECHANICALLY_EXTRACTED_REVIEW_REQUIRED
16_internals_deep_dive/17_cloud_portability_capability_matrix.sql	none	NO_SEVERITY_LABEL	none	none mechanically extracted	WHERE pid <> pg_backend_pid() || AND query = '<insufficient privilege>'	CUMULATIVE_PG_STAT_STATEMENTS	NOT_APPLICABLE	NOT_APPLICABLE	No severity label is emitted by active SQL.	Values cover the period since each entry/statistics reset; use interval snapshots for incident-window rates and percentages.	MECHANICALLY_EXTRACTED_REVIEW_REQUIRED
16_internals_deep_dive/18_query_text_capture_limits.sql	CRITICAL,REVIEW,WARNING	HARDCODED_THRESHOLD	none	name = 'track_activity_query_size' AND pg_size_bytes(setting || coalesce(unit, '')) < 4096 || name = 'track_activities' AND setting <> 'on' || name = 'compute_query_id' AND setting = 'off'	AND pg_size_bytes(setting || coalesce(unit, '')) < 4096 || WHERE name IN ( || WHERE a.pid <> pg_backend_pid()	CUMULATIVE_PG_STAT_STATEMENTS	MEDIUM	LOW	The rule is explicit, but its input is cumulative, sampled, estimated, or capture-cadence dependent.	Values cover the period since each entry/statistics reset; use interval snapshots for incident-window rates and percentages.	MECHANICALLY_EXTRACTED_REVIEW_REQUIRED
17_execution_plans/01_plan_capture_prerequisites.sql	none	NO_SEVERITY_LABEL	none	none mechanically extracted	WHERE name IN (	CATALOG_OR_CONFIGURATION_FACT	NOT_APPLICABLE	NOT_APPLICABLE	No severity label is emitted by active SQL.	Current database/instance state only; provider, OS, application, and historical context may still be required.	MECHANICALLY_EXTRACTED_REVIEW_REQUIRED
17_execution_plans/02_explain_analyze_template.sql	none	NO_SEVERITY_LABEL	none	none mechanically extracted	none mechanically extracted	CATALOG_OR_CONFIGURATION_FACT	NOT_APPLICABLE	NOT_APPLICABLE	No severity label is emitted by active SQL.	Current database/instance state only; provider, OS, application, and historical context may still be required.	MECHANICALLY_EXTRACTED_REVIEW_REQUIRED
17_execution_plans/03_generate_explain_for_top_queries.sql	none	NO_SEVERITY_LABEL	none	none mechanically extracted	none mechanically extracted	CUMULATIVE_PG_STAT_STATEMENTS	NOT_APPLICABLE	NOT_APPLICABLE	No severity label is emitted by active SQL.	Values cover the period since each entry/statistics reset; use interval snapshots for incident-window rates and percentages.	MECHANICALLY_EXTRACTED_REVIEW_REQUIRED
17_execution_plans/04_plan_red_flag_candidates.sql	HIGH,REVIEW	HARDCODED_THRESHOLD	none	mean_exec_time > 1000	none mechanically extracted	CUMULATIVE_PG_STAT_STATEMENTS	MEDIUM	LOW	The rule is explicit, but its input is cumulative, sampled, estimated, or capture-cadence dependent.	Values cover the period since each entry/statistics reset; use interval snapshots for incident-window rates and percentages.	MECHANICALLY_EXTRACTED_REVIEW_REQUIRED
18_long_queries_full_scans/01_active_long_queries.sql	none	NO_SEVERITY_LABEL	none	none mechanically extracted	AND query_start IS NOT NULL || AND now() - query_start >= interval '1 minute'	LIVE_INSTANCE_SNAPSHOT	NOT_APPLICABLE	NOT_APPLICABLE	No severity label is emitted by active SQL.	Point-in-time evidence can miss intermittent events; repeat or sample and correlate with logs.	MECHANICALLY_EXTRACTED_REVIEW_REQUIRED
18_long_queries_full_scans/02_long_queries_from_statements.sql	none	NO_SEVERITY_LABEL	none	none mechanically extracted	WHERE calls >= 5	CUMULATIVE_PG_STAT_STATEMENTS	NOT_APPLICABLE	NOT_APPLICABLE	No severity label is emitted by active SQL.	Values cover the period since each entry/statistics reset; use interval snapshots for incident-window rates and percentages.	MECHANICALLY_EXTRACTED_REVIEW_REQUIRED
18_long_queries_full_scans/03_short_vs_long_query_distribution.sql	MEDIUM	HARDCODED_THRESHOLD	none	mean_exec_time < 100	none mechanically extracted	CUMULATIVE_PG_STAT_STATEMENTS	MEDIUM	LOW	The rule is explicit, but its input is cumulative, sampled, estimated, or capture-cadence dependent.	Values cover the period since each entry/statistics reset; use interval snapshots for incident-window rates and percentages.	MECHANICALLY_EXTRACTED_REVIEW_REQUIRED
18_long_queries_full_scans/04_full_scan_hotspot_tables.sql	none	NO_SEVERITY_LABEL	none	none mechanically extracted	WHERE pg_total_relation_size(s.relid) >= 512::bigint * 1024 * 1024	PLANNER_OR_MAINTENANCE_ESTIMATE	NOT_APPLICABLE	NOT_APPLICABLE	No severity label is emitted by active SQL.	Statistics are sampled/estimated and may be stale; confirm ANALYZE recency and targeted evidence before action.	MECHANICALLY_EXTRACTED_REVIEW_REQUIRED
19_dml_optimization/01_write_heavy_tables.sql	none	NO_SEVERITY_LABEL	none	none mechanically extracted	none mechanically extracted	PLANNER_OR_MAINTENANCE_ESTIMATE	NOT_APPLICABLE	NOT_APPLICABLE	No severity label is emitted by active SQL.	Statistics are sampled/estimated and may be stale; confirm ANALYZE recency and targeted evidence before action.	MECHANICALLY_EXTRACTED_REVIEW_REQUIRED
19_dml_optimization/02_hot_update_efficiency.sql	none	NO_SEVERITY_LABEL	none	none mechanically extracted	WHERE n_tup_upd > 0	CUMULATIVE_INSTANCE_COUNTER	NOT_APPLICABLE	NOT_APPLICABLE	No severity label is emitted by active SQL.	Counter totals are not current rates; calculate deltas across a known interval and account for resets.	MECHANICALLY_EXTRACTED_REVIEW_REQUIRED
19_dml_optimization/03_missing_fk_supporting_indexes.sql	none	NO_SEVERITY_LABEL	none	none mechanically extracted	AND n.nspname <> 'information_schema'	CATALOG_OR_CONFIGURATION_FACT	NOT_APPLICABLE	NOT_APPLICABLE	No severity label is emitted by active SQL.	Current database/instance state only; provider, OS, application, and historical context may still be required.	MECHANICALLY_EXTRACTED_REVIEW_REQUIRED
19_dml_optimization/04_dml_bloat_pressure.sql	none	NO_SEVERITY_LABEL	none	none mechanically extracted	WHERE n_dead_tup > 0	PLANNER_OR_MAINTENANCE_ESTIMATE	NOT_APPLICABLE	NOT_APPLICABLE	No severity label is emitted by active SQL.	Statistics are sampled/estimated and may be stale; confirm ANALYZE recency and targeted evidence before action.	MECHANICALLY_EXTRACTED_REVIEW_REQUIRED
20_design_matters/01_tables_without_primary_keys.sql	none	NO_SEVERITY_LABEL	none	none mechanically extracted	AND n.nspname <> 'information_schema' || AND con.oid IS NULL	CATALOG_OR_CONFIGURATION_FACT	NOT_APPLICABLE	NOT_APPLICABLE	No severity label is emitted by active SQL.	Current database/instance state only; provider, OS, application, and historical context may still be required.	MECHANICALLY_EXTRACTED_REVIEW_REQUIRED
20_design_matters/02_wide_tables_profile.sql	none	NO_SEVERITY_LABEL	none	none mechanically extracted	AND n.nspname <> 'information_schema'	PLANNER_OR_MAINTENANCE_ESTIMATE	NOT_APPLICABLE	NOT_APPLICABLE	No severity label is emitted by active SQL.	Statistics are sampled/estimated and may be stale; confirm ANALYZE recency and targeted evidence before action.	MECHANICALLY_EXTRACTED_REVIEW_REQUIRED
20_design_matters/03_overindexed_tables.sql	none	NO_SEVERITY_LABEL	none	none mechanically extracted	none mechanically extracted	CUMULATIVE_INSTANCE_COUNTER	NOT_APPLICABLE	NOT_APPLICABLE	No severity label is emitted by active SQL.	Counter totals are not current rates; calculate deltas across a known interval and account for resets.	MECHANICALLY_EXTRACTED_REVIEW_REQUIRED
20_design_matters/04_high_nullability_columns.sql	none	NO_SEVERITY_LABEL	none	none mechanically extracted	AND schemaname <> 'information_schema' || AND null_frac >= 0.80	CATALOG_OR_CONFIGURATION_FACT	NOT_APPLICABLE	NOT_APPLICABLE	No severity label is emitted by active SQL.	Current database/instance state only; provider, OS, application, and historical context may still be required.	MECHANICALLY_EXTRACTED_REVIEW_REQUIRED
21_configuration_parameters/01_core_performance_settings.sql	none	NO_SEVERITY_LABEL	none	none mechanically extracted	WHERE name IN (	CATALOG_OR_CONFIGURATION_FACT	NOT_APPLICABLE	NOT_APPLICABLE	No severity label is emitted by active SQL.	Current database/instance state only; provider, OS, application, and historical context may still be required.	MECHANICALLY_EXTRACTED_REVIEW_REQUIRED
21_configuration_parameters/02_wal_checkpoint_settings.sql	none	NO_SEVERITY_LABEL	none	none mechanically extracted	WHERE name IN (	CATALOG_OR_CONFIGURATION_FACT	NOT_APPLICABLE	NOT_APPLICABLE	No severity label is emitted by active SQL.	Current database/instance state only; provider, OS, application, and historical context may still be required.	MECHANICALLY_EXTRACTED_REVIEW_REQUIRED
21_configuration_parameters/03_autovacuum_settings.sql	none	NO_SEVERITY_LABEL	none	none mechanically extracted	WHERE name IN (	CATALOG_OR_CONFIGURATION_FACT	NOT_APPLICABLE	NOT_APPLICABLE	No severity label is emitted by active SQL.	Current database/instance state only; provider, OS, application, and historical context may still be required.	MECHANICALLY_EXTRACTED_REVIEW_REQUIRED
21_configuration_parameters/04_connection_timeout_settings.sql	none	NO_SEVERITY_LABEL	none	none mechanically extracted	WHERE name IN (	CATALOG_OR_CONFIGURATION_FACT	NOT_APPLICABLE	NOT_APPLICABLE	No severity label is emitted by active SQL.	Current database/instance state only; provider, OS, application, and historical context may still be required.	MECHANICALLY_EXTRACTED_REVIEW_REQUIRED
21_configuration_parameters/05_parameter_deviation_necessity_report.sql	HIGH,LOW,MEDIUM,OK,REVIEW	HARDCODED_THRESHOLD	none	e.temp_bytes >= 10::bigint * 1024 * 1024 * 1024 || e.temp_bytes > 0 || e.cache_hit_pct < 95 AND s.bytes_value < 1024::bigint * 1024 * 1024 || e.cache_hit_pct < 98 || s.bytes_value < (SELECT bytes_value FROM setting_rows WHERE name = 'shared_buffers') * 2 || e.current_connections >= s.setting::int * 0.90 || e.current_connections >= s.setting::int * 0.75 OR s.setting::int > 500 || ce.requested_checkpoint_pct_pg15_16 > 20 OR e.wal_buffers_full > 0	WHERE name IN ( || WHERE datname NOT IN ('template0', 'template1')) AS cache_hit_pct,	CUMULATIVE_PG_STAT_STATEMENTS	MEDIUM	LOW	The rule is explicit, but its input is cumulative, sampled, estimated, or capture-cadence dependent.	Values cover the period since each entry/statistics reset; use interval snapshots for incident-window rates and percentages.	MECHANICALLY_EXTRACTED_REVIEW_REQUIRED
22_application_orm_performance/01_n_plus_one_query_candidates.sql	none	NO_SEVERITY_LABEL	none	none mechanically extracted	none mechanically extracted	CUMULATIVE_PG_STAT_STATEMENTS	NOT_APPLICABLE	NOT_APPLICABLE	No severity label is emitted by active SQL.	Values cover the period since each entry/statistics reset; use interval snapshots for incident-window rates and percentages.	MECHANICALLY_EXTRACTED_REVIEW_REQUIRED
22_application_orm_performance/02_select_star_candidates.sql	none	NO_SEVERITY_LABEL	none	none mechanically extracted	none mechanically extracted	CUMULATIVE_PG_STAT_STATEMENTS	NOT_APPLICABLE	NOT_APPLICABLE	No severity label is emitted by active SQL.	Values cover the period since each entry/statistics reset; use interval snapshots for incident-window rates and percentages.	MECHANICALLY_EXTRACTED_REVIEW_REQUIRED
22_application_orm_performance/03_chatty_small_result_queries.sql	none	NO_SEVERITY_LABEL	none	none mechanically extracted	WHERE calls >= 5000	CUMULATIVE_PG_STAT_STATEMENTS	NOT_APPLICABLE	NOT_APPLICABLE	No severity label is emitted by active SQL.	Values cover the period since each entry/statistics reset; use interval snapshots for incident-window rates and percentages.	MECHANICALLY_EXTRACTED_REVIEW_REQUIRED
22_application_orm_performance/04_app_idle_in_transaction_risk.sql	none	NO_SEVERITY_LABEL	none	none mechanically extracted	none mechanically extracted	LIVE_INSTANCE_SNAPSHOT	NOT_APPLICABLE	NOT_APPLICABLE	No severity label is emitted by active SQL.	Point-in-time evidence can miss intermittent events; repeat or sample and correlate with logs.	MECHANICALLY_EXTRACTED_REVIEW_REQUIRED
23_functions_dynamic_sql/01_function_execution_hotspots.sql	none	NO_SEVERITY_LABEL	none	none mechanically extracted	none mechanically extracted	CATALOG_OR_CONFIGURATION_FACT	NOT_APPLICABLE	NOT_APPLICABLE	No severity label is emitted by active SQL.	Current database/instance state only; provider, OS, application, and historical context may still be required.	MECHANICALLY_EXTRACTED_REVIEW_REQUIRED
23_functions_dynamic_sql/02_dynamic_sql_function_inventory.sql	none	NO_SEVERITY_LABEL	none	none mechanically extracted	AND n.nspname <> 'information_schema'	CATALOG_OR_CONFIGURATION_FACT	NOT_APPLICABLE	NOT_APPLICABLE	No severity label is emitted by active SQL.	Current database/instance state only; provider, OS, application, and historical context may still be required.	MECHANICALLY_EXTRACTED_REVIEW_REQUIRED
23_functions_dynamic_sql/03_volatile_and_security_definer_functions.sql	none	NO_SEVERITY_LABEL	none	none mechanically extracted	AND n.nspname <> 'information_schema'	CATALOG_OR_CONFIGURATION_FACT	NOT_APPLICABLE	NOT_APPLICABLE	No severity label is emitted by active SQL.	Current database/instance state only; provider, OS, application, and historical context may still be required.	MECHANICALLY_EXTRACTED_REVIEW_REQUIRED
23_functions_dynamic_sql/04_trigger_function_inventory.sql	none	NO_SEVERITY_LABEL	none	none mechanically extracted	AND tn.nspname <> 'information_schema'	CATALOG_OR_CONFIGURATION_FACT	NOT_APPLICABLE	NOT_APPLICABLE	No severity label is emitted by active SQL.	Current database/instance state only; provider, OS, application, and historical context may still be required.	MECHANICALLY_EXTRACTED_REVIEW_REQUIRED
24_complex_filter_search/01_like_ilike_query_candidates.sql	none	NO_SEVERITY_LABEL	none	none mechanically extracted	none mechanically extracted	CUMULATIVE_PG_STAT_STATEMENTS	NOT_APPLICABLE	NOT_APPLICABLE	No severity label is emitted by active SQL.	Values cover the period since each entry/statistics reset; use interval snapshots for incident-window rates and percentages.	MECHANICALLY_EXTRACTED_REVIEW_REQUIRED
24_complex_filter_search/02_jsonb_array_column_inventory.sql	none	NO_SEVERITY_LABEL	none	none mechanically extracted	AND a.attnum > 0 || AND n.nspname <> 'information_schema'	CATALOG_OR_CONFIGURATION_FACT	NOT_APPLICABLE	NOT_APPLICABLE	No severity label is emitted by active SQL.	Current database/instance state only; provider, OS, application, and historical context may still be required.	MECHANICALLY_EXTRACTED_REVIEW_REQUIRED
24_complex_filter_search/03_gin_gist_brin_index_inventory.sql	none	NO_SEVERITY_LABEL	none	none mechanically extracted	AND n.nspname <> 'information_schema' || AND am.amname IN ('gin', 'gist', 'brin')	CATALOG_OR_CONFIGURATION_FACT	NOT_APPLICABLE	NOT_APPLICABLE	No severity label is emitted by active SQL.	Current database/instance state only; provider, OS, application, and historical context may still be required.	MECHANICALLY_EXTRACTED_REVIEW_REQUIRED
24_complex_filter_search/04_full_text_search_inventory.sql	none	NO_SEVERITY_LABEL	none	none mechanically extracted	AND a.attnum > 0 || AND n.nspname <> 'information_schema' || AND pg_catalog.format_type(a.atttypid, a.atttypmod) IN ('tsvector', 'tsquery')	CATALOG_OR_CONFIGURATION_FACT	NOT_APPLICABLE	NOT_APPLICABLE	No severity label is emitted by active SQL.	Current database/instance state only; provider, OS, application, and historical context may still be required.	MECHANICALLY_EXTRACTED_REVIEW_REQUIRED
25_oltp_olap_goals/01_workload_signature_oltp_vs_olap.sql	none	NO_SEVERITY_LABEL	none	none mechanically extracted	none mechanically extracted	CUMULATIVE_PG_STAT_STATEMENTS	NOT_APPLICABLE	NOT_APPLICABLE	No severity label is emitted by active SQL.	Values cover the period since each entry/statistics reset; use interval snapshots for incident-window rates and percentages.	MECHANICALLY_EXTRACTED_REVIEW_REQUIRED
25_oltp_olap_goals/02_oltp_latency_goal_candidates.sql	none	NO_SEVERITY_LABEL	none	none mechanically extracted	WHERE calls >= 1000 || AND mean_exec_time >= 20	CUMULATIVE_PG_STAT_STATEMENTS	NOT_APPLICABLE	NOT_APPLICABLE	No severity label is emitted by active SQL.	Values cover the period since each entry/statistics reset; use interval snapshots for incident-window rates and percentages.	MECHANICALLY_EXTRACTED_REVIEW_REQUIRED
25_oltp_olap_goals/03_olap_throughput_candidates.sql	none	NO_SEVERITY_LABEL	none	none mechanically extracted	WHERE mean_exec_time >= 200 || OR shared_blks_read >= 100000 || OR temp_blks_written > 0	CUMULATIVE_PG_STAT_STATEMENTS	NOT_APPLICABLE	NOT_APPLICABLE	No severity label is emitted by active SQL.	Values cover the period since each entry/statistics reset; use interval snapshots for incident-window rates and percentages.	MECHANICALLY_EXTRACTED_REVIEW_REQUIRED
25_oltp_olap_goals/04_mixed_workload_pressure.sql	none	NO_SEVERITY_LABEL	none	none mechanically extracted	WHERE d.datname NOT IN ('template0', 'template1')	CUMULATIVE_INSTANCE_COUNTER	NOT_APPLICABLE	NOT_APPLICABLE	No severity label is emitted by active SQL.	Counter totals are not current rates; calculate deltas across a known interval and account for resets.	MECHANICALLY_EXTRACTED_REVIEW_REQUIRED
26_physical_cloud_diagnostics/01_instance_platform_fingerprint.sql	none	NO_SEVERITY_LABEL	none	none mechanically extracted	none mechanically extracted	CATALOG_OR_CONFIGURATION_FACT	NOT_APPLICABLE	NOT_APPLICABLE	No severity label is emitted by active SQL.	Current database/instance state only; provider, OS, application, and historical context may still be required.	MECHANICALLY_EXTRACTED_REVIEW_REQUIRED
26_physical_cloud_diagnostics/02_io_latency_profile.sql	none	NO_SEVERITY_LABEL	none	none mechanically extracted	WHERE datname NOT IN ('template0', 'template1')	CUMULATIVE_INSTANCE_COUNTER	NOT_APPLICABLE	NOT_APPLICABLE	No severity label is emitted by active SQL.	Counter totals are not current rates; calculate deltas across a known interval and account for resets.	MECHANICALLY_EXTRACTED_REVIEW_REQUIRED
26_physical_cloud_diagnostics/03_checkpoint_fsync_pressure.sql	none	NO_SEVERITY_LABEL	none	none mechanically extracted	none mechanically extracted	CATALOG_OR_CONFIGURATION_FACT	NOT_APPLICABLE	NOT_APPLICABLE	No severity label is emitted by active SQL.	Current database/instance state only; provider, OS, application, and historical context may still be required.	MECHANICALLY_EXTRACTED_REVIEW_REQUIRED
26_physical_cloud_diagnostics/04_replication_slot_wal_retention_risk.sql	none	NO_SEVERITY_LABEL	none	none mechanically extracted	none mechanically extracted	CATALOG_OR_CONFIGURATION_FACT	NOT_APPLICABLE	NOT_APPLICABLE	No severity label is emitted by active SQL.	Current database/instance state only; provider, OS, application, and historical context may still be required.	MECHANICALLY_EXTRACTED_REVIEW_REQUIRED
27_high_speed_tuning/01_bottleneck_overview_dashboard.sql	none	NO_SEVERITY_LABEL	none	none mechanically extracted	WHERE datname NOT IN ('template0', 'template1')	LIVE_INSTANCE_SNAPSHOT	NOT_APPLICABLE	NOT_APPLICABLE	No severity label is emitted by active SQL.	Point-in-time evidence can miss intermittent events; repeat or sample and correlate with logs.	MECHANICALLY_EXTRACTED_REVIEW_REQUIRED
27_high_speed_tuning/02_waits_and_blocking_details.sql	none	NO_SEVERITY_LABEL	none	none mechanically extracted	none mechanically extracted	LIVE_INSTANCE_SNAPSHOT	NOT_APPLICABLE	NOT_APPLICABLE	No severity label is emitted by active SQL.	Point-in-time evidence can miss intermittent events; repeat or sample and correlate with logs.	MECHANICALLY_EXTRACTED_REVIEW_REQUIRED
27_high_speed_tuning/03_missing_index_candidates_from_scan_pressure.sql	HIGH,REVIEW	HARDCODED_THRESHOLD	none	seq_scan >= 5000 AND total_bytes >= 1024::bigint * 1024 * 1024	WHERE total_bytes >= 128::bigint * 1024 * 1024	PLANNER_OR_MAINTENANCE_ESTIMATE	MEDIUM	LOW	The rule is explicit, but its input is cumulative, sampled, estimated, or capture-cadence dependent.	Statistics are sampled/estimated and may be stale; confirm ANALYZE recency and targeted evidence before action.	MECHANICALLY_EXTRACTED_REVIEW_REQUIRED
27_high_speed_tuning/04_missing_fk_index_candidates.sql	none	NO_SEVERITY_LABEL	none	none mechanically extracted	AND n.nspname <> 'information_schema'	CATALOG_OR_CONFIGURATION_FACT	NOT_APPLICABLE	NOT_APPLICABLE	No severity label is emitted by active SQL.	Current database/instance state only; provider, OS, application, and historical context may still be required.	MECHANICALLY_EXTRACTED_REVIEW_REQUIRED
27_high_speed_tuning/05_parameter_tuning_advisor.sql	HIGH,LOW,MEDIUM,OK,REVIEW	HARDCODED_THRESHOLD	none	max_connections > 500 || max_connections > 300 || shared_buffers_bytes < 256::bigint * 1024 * 1024 || shared_buffers_bytes < 1024::bigint * 1024 * 1024 || work_mem_bytes < 4::bigint * 1024 * 1024 || work_mem_bytes < 16::bigint * 1024 * 1024 || effective_cache_bytes < shared_buffers_bytes * 2 || max_wal_size_bytes < 4::bigint * 1024 * 1024 * 1024	none mechanically extracted	CATALOG_OR_CONFIGURATION_FACT	HIGH	LOW	The rule is explicit and evaluates current catalog/configuration or live-state evidence.	Current database/instance state only; provider, OS, application, and historical context may still be required.	MECHANICALLY_EXTRACTED_REVIEW_REQUIRED
27_high_speed_tuning/06_query_tuning_action_queue.sql	HIGH,REVIEW	HARDCODED_THRESHOLD	none	mean_exec_time >= 1000 AND calls >= 100 || shared_blks_read > shared_blks_hit	none mechanically extracted	CUMULATIVE_PG_STAT_STATEMENTS	MEDIUM	LOW	The rule is explicit, but its input is cumulative, sampled, estimated, or capture-cadence dependent.	Values cover the period since each entry/statistics reset; use interval snapshots for incident-window rates and percentages.	MECHANICALLY_EXTRACTED_REVIEW_REQUIRED
28_pgss_resource_attribution/01_pgss_query_resource_percent.sql	none	NO_SEVERITY_LABEL	none	none mechanically extracted	none mechanically extracted	CUMULATIVE_PG_STAT_STATEMENTS	NOT_APPLICABLE	NOT_APPLICABLE	No severity label is emitted by active SQL.	Values cover the period since each entry/statistics reset; use interval snapshots for incident-window rates and percentages.	MECHANICALLY_EXTRACTED_REVIEW_REQUIRED
28_pgss_resource_attribution/02_pgss_resource_percent_by_database.sql	none	NO_SEVERITY_LABEL	none	none mechanically extracted	none mechanically extracted	CUMULATIVE_PG_STAT_STATEMENTS	NOT_APPLICABLE	NOT_APPLICABLE	No severity label is emitted by active SQL.	Values cover the period since each entry/statistics reset; use interval snapshots for incident-window rates and percentages.	MECHANICALLY_EXTRACTED_REVIEW_REQUIRED
28_pgss_resource_attribution/03_pgss_resource_percent_by_user.sql	none	NO_SEVERITY_LABEL	none	none mechanically extracted	none mechanically extracted	CUMULATIVE_PG_STAT_STATEMENTS	NOT_APPLICABLE	NOT_APPLICABLE	No severity label is emitted by active SQL.	Values cover the period since each entry/statistics reset; use interval snapshots for incident-window rates and percentages.	MECHANICALLY_EXTRACTED_REVIEW_REQUIRED
28_pgss_resource_attribution/04_pgss_query_infra_tier_classification.sql	LOW	ADVISORY_LABEL_ONLY	none	none mechanically extracted	none mechanically extracted	CUMULATIVE_PG_STAT_STATEMENTS	LOW	LOW	Severity wording exists but no CASE threshold was mechanically traceable; manual interpretation is required.	Values cover the period since each entry/statistics reset; use interval snapshots for incident-window rates and percentages.	MECHANICALLY_EXTRACTED_REVIEW_REQUIRED
29_object_inventory_health/01_object_type_inventory.sql	none	NO_SEVERITY_LABEL	none	none mechanically extracted	AND nspname <> 'information_schema' || AND table_schema <> 'information_schema' || WHERE t.typtype IN ('c', 'd', 'e', 'm', 'r') || AND (t.typtype <> 'c' OR tc.relkind = 'c')	LIVE_INSTANCE_SNAPSHOT	NOT_APPLICABLE	NOT_APPLICABLE	No severity label is emitted by active SQL.	Point-in-time evidence can miss intermittent events; repeat or sample and correlate with logs.	MECHANICALLY_EXTRACTED_REVIEW_REQUIRED
29_object_inventory_health/02_table_pk_fk_health.sql	OK	ADVISORY_LABEL_ONLY	none	none mechanically extracted	WHERE c.relkind IN ('r', 'p') || AND n.nspname <> 'information_schema'	PLANNER_OR_MAINTENANCE_ESTIMATE	LOW	LOW	Severity wording exists but no CASE threshold was mechanically traceable; manual interpretation is required.	Statistics are sampled/estimated and may be stale; confirm ANALYZE recency and targeted evidence before action.	MECHANICALLY_EXTRACTED_REVIEW_REQUIRED
29_object_inventory_health/03_tables_missing_primary_key.sql	none	NO_SEVERITY_LABEL	none	none mechanically extracted	AND n.nspname <> 'information_schema' || AND p.oid IS NULL	PLANNER_OR_MAINTENANCE_ESTIMATE	NOT_APPLICABLE	NOT_APPLICABLE	No severity label is emitted by active SQL.	Statistics are sampled/estimated and may be stale; confirm ANALYZE recency and targeted evidence before action.	MECHANICALLY_EXTRACTED_REVIEW_REQUIRED
29_object_inventory_health/04_missing_fk_supporting_indexes.sql	none	NO_SEVERITY_LABEL	none	none mechanically extracted	AND n.nspname <> 'information_schema'	CATALOG_OR_CONFIGURATION_FACT	NOT_APPLICABLE	NOT_APPLICABLE	No severity label is emitted by active SQL.	Current database/instance state only; provider, OS, application, and historical context may still be required.	MECHANICALLY_EXTRACTED_REVIEW_REQUIRED
29_object_inventory_health/05_missing_join_column_indexes.sql	none	NO_SEVERITY_LABEL	none	none mechanically extracted	WHERE c.reltuples >= 10000 || AND st.seq_tup_read >= 100000 || AND st.seq_scan >= st.idx_scan || AND a.attnum > 0	PLANNER_OR_MAINTENANCE_ESTIMATE	NOT_APPLICABLE	NOT_APPLICABLE	No severity label is emitted by active SQL.	Statistics are sampled/estimated and may be stale; confirm ANALYZE recency and targeted evidence before action.	MECHANICALLY_EXTRACTED_REVIEW_REQUIRED
29_object_inventory_health/06_identifier_casing_risks.sql	none	NO_SEVERITY_LABEL	none	none mechanically extracted	AND n.nspname <> 'information_schema' || AND c.relkind IN ('r', 'p', 'v', 'm', 'S', 'i') || AND c.relkind IN ('r', 'p', 'v', 'm') || AND a.attnum > 0	CATALOG_OR_CONFIGURATION_FACT	NOT_APPLICABLE	NOT_APPLICABLE	No severity label is emitted by active SQL.	Current database/instance state only; provider, OS, application, and historical context may still be required.	MECHANICALLY_EXTRACTED_REVIEW_REQUIRED
29_object_inventory_health/07_sequence_ownership_health.sql	OK	ADVISORY_LABEL_ONLY	none	none mechanically extracted	AND n.nspname <> 'information_schema' || AND d.deptype IN ('a', 'i')	CATALOG_OR_CONFIGURATION_FACT	LOW	LOW	Severity wording exists but no CASE threshold was mechanically traceable; manual interpretation is required.	Current database/instance state only; provider, OS, application, and historical context may still be required.	MECHANICALLY_EXTRACTED_REVIEW_REQUIRED
29_object_inventory_health/08_trigger_inventory.sql	none	NO_SEVERITY_LABEL	none	none mechanically extracted	AND n.nspname <> 'information_schema'	CATALOG_OR_CONFIGURATION_FACT	NOT_APPLICABLE	NOT_APPLICABLE	No severity label is emitted by active SQL.	Current database/instance state only; provider, OS, application, and historical context may still be required.	MECHANICALLY_EXTRACTED_REVIEW_REQUIRED
29_object_inventory_health/09_grant_exposure_audit.sql	HIGH,LOW,MEDIUM	STATE_OR_BOOLEAN_RULE	none	tp.grantee = 'PUBLIC' || tp.is_grantable = 'YES' AND tp.grantee <> pg_get_userbyid(c.relowner) || rp.grantee = 'PUBLIC' || rp.is_grantable = 'YES' AND NOT (rp.grantee = ANY(coalesce(ro.owner_names, ARRAY[]::text[])))	AND c.relkind IN ('r', 'p', 'v', 'm', 'f') || AND tp.table_schema <> 'information_schema' || AND n.nspname <> 'information_schema' || AND rp.routine_schema <> 'information_schema' || WHERE risk_level <> 'LOW'	CATALOG_OR_CONFIGURATION_FACT	HIGH	LOW	The rule is explicit and evaluates current catalog/configuration or live-state evidence.	Current database/instance state only; provider, OS, application, and historical context may still be required.	MECHANICALLY_EXTRACTED_REVIEW_REQUIRED
29_object_inventory_health/10_function_procedure_inventory.sql	none	NO_SEVERITY_LABEL	none	none mechanically extracted	AND position('EXECUTE ' IN upper(pg_get_functiondef(p.oid))) > 0 || AND n.nspname <> 'information_schema' || AND p.prokind IN ('f', 'p')	CATALOG_OR_CONFIGURATION_FACT	NOT_APPLICABLE	NOT_APPLICABLE	No severity label is emitted by active SQL.	Current database/instance state only; provider, OS, application, and historical context may still be required.	MECHANICALLY_EXTRACTED_REVIEW_REQUIRED
29_object_inventory_health/11_partition_health.sql	OK	ADVISORY_LABEL_ONLY	none	none mechanically extracted	AND n.nspname <> 'information_schema'	CATALOG_OR_CONFIGURATION_FACT	LOW	LOW	Severity wording exists but no CASE threshold was mechanically traceable; manual interpretation is required.	Current database/instance state only; provider, OS, application, and historical context may still be required.	MECHANICALLY_EXTRACTED_REVIEW_REQUIRED
29_object_inventory_health/12_user_defined_type_inventory.sql	none	NO_SEVERITY_LABEL	none	none mechanically extracted	AND n.nspname <> 'information_schema' || AND t.typtype IN ('c', 'd', 'e', 'm', 'r') || AND (t.typtype <> 'c' OR rc.relkind = 'c') || WHERE a.attnum > 0 || AND c.relkind IN ('r', 'p', 'v', 'm')	CATALOG_OR_CONFIGURATION_FACT	NOT_APPLICABLE	NOT_APPLICABLE	No severity label is emitted by active SQL.	Current database/instance state only; provider, OS, application, and historical context may still be required.	MECHANICALLY_EXTRACTED_REVIEW_REQUIRED
29_object_inventory_health/13_insert_copy_activity.sql	none	NO_SEVERITY_LABEL	none	none mechanically extracted	none mechanically extracted	CUMULATIVE_INSTANCE_COUNTER	NOT_APPLICABLE	NOT_APPLICABLE	No severity label is emitted by active SQL.	Counter totals are not current rates; calculate deltas across a known interval and account for resets.	MECHANICALLY_EXTRACTED_REVIEW_REQUIRED
29_object_inventory_health/14_fdw_inventory.sql	none	NO_SEVERITY_LABEL	none	none mechanically extracted	none mechanically extracted	CATALOG_OR_CONFIGURATION_FACT	NOT_APPLICABLE	NOT_APPLICABLE	No severity label is emitted by active SQL.	Current database/instance state only; provider, OS, application, and historical context may still be required.	MECHANICALLY_EXTRACTED_REVIEW_REQUIRED
29_object_inventory_health/15_oracle_package_synonym_mapping.sql	none	NO_SEVERITY_LABEL	none	none mechanically extracted	AND n.nspname <> 'information_schema' || WHERE function_count + procedure_count > 0	CATALOG_OR_CONFIGURATION_FACT	NOT_APPLICABLE	NOT_APPLICABLE	No severity label is emitted by active SQL.	Current database/instance state only; provider, OS, application, and historical context may still be required.	MECHANICALLY_EXTRACTED_REVIEW_REQUIRED
29_object_inventory_health/16_kettle_etl_activity_signals.sql	none	NO_SEVERITY_LABEL	none	none mechanically extracted	none mechanically extracted	LIVE_INSTANCE_SNAPSHOT	NOT_APPLICABLE	NOT_APPLICABLE	No severity label is emitted by active SQL.	Point-in-time evidence can miss intermittent events; repeat or sample and correlate with logs.	MECHANICALLY_EXTRACTED_REVIEW_REQUIRED
29_object_inventory_health/17_object_bloat_hotspots.sql	none	NO_SEVERITY_LABEL	none	dead_tuple_pct >= 25 || dead_tuple_pct >= 10	WHERE total_bytes >= 64::bigint * 1024 * 1024	PLANNER_OR_MAINTENANCE_ESTIMATE	NOT_APPLICABLE	NOT_APPLICABLE	No severity label is emitted by active SQL.	Statistics are sampled/estimated and may be stale; confirm ANALYZE recency and targeted evidence before action.	MECHANICALLY_EXTRACTED_REVIEW_REQUIRED
29_object_inventory_health/18_object_query_hotspots_pgss.sql	none	NO_SEVERITY_LABEL	none	none mechanically extracted	none mechanically extracted	CUMULATIVE_PG_STAT_STATEMENTS	NOT_APPLICABLE	NOT_APPLICABLE	No severity label is emitted by active SQL.	Values cover the period since each entry/statistics reset; use interval snapshots for incident-window rates and percentages.	MECHANICALLY_EXTRACTED_REVIEW_REQUIRED
30_backup_restore_pitr_dr/01_backup_pitr_configuration_health.sql	OK	HARDCODED_THRESHOLD	none	name = 'archive_mode' AND setting IN ('on', 'always') || name = 'archive_command' AND coalesce((SELECT setting FROM settings WHERE name = 'archive_mode'), 'off') IN ('on', 'always') AND coalesce(trim(setting), '') <> '' AND trim(setting) <> '(disabled)' || name = 'archive_library' AND coalesce((SELECT setting FROM settings WHERE name = 'archive_mode'), 'off') IN ('on', 'always') AND coalesce(trim(setting), '') <> '' || name = 'wal_level' AND setting IN ('replica', 'logical') || name = 'max_wal_senders' AND setting ~ '^[0-9]+$' AND setting::int >= 2 || name = 'max_replication_slots' AND setting ~ '^[0-9]+$' AND setting::int >= 2 || name = 'wal_keep_size' AND setting ~ '^[0-9]+$' AND setting::int > 0 || name = 'hot_standby' AND pg_is_in_recovery() AND setting = 'on'	AND coalesce((SELECT setting FROM settings WHERE name = 'archive_mode'), 'off') IN ('on', 'always') || AND coalesce(trim(setting), '') <> '' || AND trim(setting) <> '(disabled)' THEN 'OK' || AND coalesce(trim(setting), '') <> '' THEN 'OK'	CATALOG_OR_CONFIGURATION_FACT	HIGH	LOW	The rule is explicit and evaluates current catalog/configuration or live-state evidence.	Current database/instance state only; provider, OS, application, and historical context may still be required.	MECHANICALLY_EXTRACTED_REVIEW_REQUIRED
30_backup_restore_pitr_dr/02_wal_archiving_gap_and_lag.sql	none	NO_SEVERITY_LABEL	none	none mechanically extracted	none mechanically extracted	CUMULATIVE_INSTANCE_COUNTER	NOT_APPLICABLE	NOT_APPLICABLE	No severity label is emitted by active SQL.	Counter totals are not current rates; calculate deltas across a known interval and account for resets.	MECHANICALLY_EXTRACTED_REVIEW_REQUIRED
30_backup_restore_pitr_dr/03_restore_to_timestamp_quick_test.sql	none	NO_SEVERITY_LABEL	none	none mechanically extracted	none mechanically extracted	CATALOG_OR_CONFIGURATION_FACT	NOT_APPLICABLE	NOT_APPLICABLE	No severity label is emitted by active SQL.	Current database/instance state only; provider, OS, application, and historical context may still be required.	MECHANICALLY_EXTRACTED_REVIEW_REQUIRED
30_backup_restore_pitr_dr/04_dr_rto_rpo_replication_evidence.sql	none	NO_SEVERITY_LABEL	none	none mechanically extracted	none mechanically extracted	CATALOG_OR_CONFIGURATION_FACT	NOT_APPLICABLE	NOT_APPLICABLE	No severity label is emitted by active SQL.	Current database/instance state only; provider, OS, application, and historical context may still be required.	MECHANICALLY_EXTRACTED_REVIEW_REQUIRED
30_backup_restore_pitr_dr/05_backup_restore_evidence_contract.sql	none	NO_SEVERITY_LABEL	none	none mechanically extracted	none mechanically extracted	REPOSITORY_HISTORY	NOT_APPLICABLE	NOT_APPLICABLE	No severity label is emitted by active SQL.	Accuracy depends on repository setup, capture cadence, retention, and uninterrupted collection.	MECHANICALLY_EXTRACTED_REVIEW_REQUIRED
31_logging_error_signatures/01_logging_configuration_sanity.sql	LOW,OK	HARDCODED_THRESHOLD	none	name = 'log_line_prefix' AND setting ILIKE '%m%' AND setting ILIKE '%p%' AND setting ILIKE '%u%' AND setting ILIKE '%d%' || name = 'log_lock_waits' AND setting = 'on' || name = 'deadlock_timeout' AND setting ~ '^[0-9]+$' AND setting::int BETWEEN 100 AND 1000 || name = 'log_min_duration_statement' AND setting <> '-1' || name = 'log_temp_files' AND setting <> '-1' || name = 'log_checkpoints' AND setting = 'on' || name = 'log_autovacuum_min_duration' AND setting <> '-1'	none mechanically extracted	CATALOG_OR_CONFIGURATION_FACT	HIGH	LOW	The rule is explicit and evaluates current catalog/configuration or live-state evidence.	Current database/instance state only; provider, OS, application, and historical context may still be required.	MECHANICALLY_EXTRACTED_REVIEW_REQUIRED
31_logging_error_signatures/02_error_signature_indicators.sql	REVIEW	HARDCODED_THRESHOLD	none	xact_commit + xact_rollback > 0 AND xact_rollback::numeric / (xact_commit + xact_rollback) > 0.05 || temp_bytes > 2::bigint * 1024 * 1024 * 1024	AND xact_rollback::numeric / (xact_commit + xact_rollback) > 0.05 THEN 'HIGH_ROLLBACK_SIGNATURE' || AND xact_rollback::numeric / (xact_commit + xact_rollback) > 0.05 THEN 'Inspect serialization/constraint retry patterns in application logs.'	CUMULATIVE_INSTANCE_COUNTER	MEDIUM	LOW	The rule is explicit, but its input is cumulative, sampled, estimated, or capture-cadence dependent.	Counter totals are not current rates; calculate deltas across a known interval and account for resets.	MECHANICALLY_EXTRACTED_REVIEW_REQUIRED
31_logging_error_signatures/03_slow_query_log_vs_pgss_correlation.sql	none	NO_SEVERITY_LABEL	none	none mechanically extracted	none mechanically extracted	CUMULATIVE_PG_STAT_STATEMENTS	NOT_APPLICABLE	NOT_APPLICABLE	No severity label is emitted by active SQL.	Values cover the period since each entry/statistics reset; use interval snapshots for incident-window rates and percentages.	MECHANICALLY_EXTRACTED_REVIEW_REQUIRED
31_logging_error_signatures/04_lock_wait_deadlock_signatures.sql	none	NO_SEVERITY_LABEL	none	none mechanically extracted	AND a.pid <> pg_backend_pid()	LIVE_INSTANCE_SNAPSHOT	NOT_APPLICABLE	NOT_APPLICABLE	No severity label is emitted by active SQL.	Point-in-time evidence can miss intermittent events; repeat or sample and correlate with logs.	MECHANICALLY_EXTRACTED_REVIEW_REQUIRED
31_logging_error_signatures/05_pgaudit_readiness_and_configuration.sql	REVIEW	ADVISORY_LABEL_ONLY	none	none mechanically extracted	none mechanically extracted	CATALOG_OR_CONFIGURATION_FACT	LOW	LOW	Severity wording exists but no CASE threshold was mechanically traceable; manual interpretation is required.	Current database/instance state only; provider, OS, application, and historical context may still be required.	MECHANICALLY_EXTRACTED_REVIEW_REQUIRED
32_upgrade_patch_readiness/01_version_upgrade_path_overview.sql	none	NO_SEVERITY_LABEL	none	none mechanically extracted	none mechanically extracted	CATALOG_OR_CONFIGURATION_FACT	NOT_APPLICABLE	NOT_APPLICABLE	No severity label is emitted by active SQL.	Current database/instance state only; provider, OS, application, and historical context may still be required.	MECHANICALLY_EXTRACTED_REVIEW_REQUIRED
32_upgrade_patch_readiness/02_extension_version_drift_dependencies.sql	HIGH,LOW,REVIEW	HARDCODED_THRESHOLD	none	coalesce(obj.extension_owned_objects, 0) > 1000 || coalesce(obj.extension_owned_objects, 0) > 0	none mechanically extracted	CATALOG_OR_CONFIGURATION_FACT	HIGH	LOW	The rule is explicit and evaluates current catalog/configuration or live-state evidence.	Current database/instance state only; provider, OS, application, and historical context may still be required.	MECHANICALLY_EXTRACTED_REVIEW_REQUIRED
32_upgrade_patch_readiness/03_preupgrade_invalid_objects_gate.sql	CRITICAL,HIGH,MEDIUM	STATE_OR_BOOLEAN_RULE	none	con.contype IN ('f', 'c')	AND n.nspname <> 'information_schema'	CATALOG_OR_CONFIGURATION_FACT	HIGH	LOW	The rule is explicit and evaluates current catalog/configuration or live-state evidence.	Current database/instance state only; provider, OS, application, and historical context may still be required.	MECHANICALLY_EXTRACTED_REVIEW_REQUIRED
32_upgrade_patch_readiness/04_collation_version_mismatch_risk.sql	none	NO_SEVERITY_LABEL	none	none mechanically extracted	AND recorded_version IS NOT NULL || AND actual_version IS NOT NULL THEN 1	CATALOG_OR_CONFIGURATION_FACT	NOT_APPLICABLE	NOT_APPLICABLE	No severity label is emitted by active SQL.	Current database/instance state only; provider, OS, application, and historical context may still be required.	MECHANICALLY_EXTRACTED_REVIEW_REQUIRED
32_upgrade_patch_readiness/05_postupgrade_query_regression_watchlist_pgss.sql	none	NO_SEVERITY_LABEL	none	stddev_exec_time > greatest(mean_exec_time * 2, 100) || mean_exec_time > 500	WHERE calls >= 20	CUMULATIVE_PG_STAT_STATEMENTS	NOT_APPLICABLE	NOT_APPLICABLE	No severity label is emitted by active SQL.	Values cover the period since each entry/statistics reset; use interval snapshots for incident-window rates and percentages.	MECHANICALLY_EXTRACTED_REVIEW_REQUIRED
32_upgrade_patch_readiness/06_config_file_unknown_or_deprecated_gucs.sql	OK	ADVISORY_LABEL_ONLY	none	none mechanically extracted	WHERE error IS NOT NULL	CATALOG_OR_CONFIGURATION_FACT	LOW	LOW	Severity wording exists but no CASE threshold was mechanically traceable; manual interpretation is required.	Current database/instance state only; provider, OS, application, and historical context may still be required.	MECHANICALLY_EXTRACTED_REVIEW_REQUIRED
33_bgwriter_memory_pressure/01_bgwriter_checkpointer_pressure.sql	none	NO_SEVERITY_LABEL	none	none mechanically extracted	none mechanically extracted	CATALOG_OR_CONFIGURATION_FACT	NOT_APPLICABLE	NOT_APPLICABLE	No severity label is emitted by active SQL.	Current database/instance state only; provider, OS, application, and historical context may still be required.	MECHANICALLY_EXTRACTED_REVIEW_REQUIRED
33_bgwriter_memory_pressure/02_wal_writer_archiver_pressure.sql	none	NO_SEVERITY_LABEL	none	none mechanically extracted	none mechanically extracted	CUMULATIVE_INSTANCE_COUNTER	NOT_APPLICABLE	NOT_APPLICABLE	No severity label is emitted by active SQL.	Counter totals are not current rates; calculate deltas across a known interval and account for resets.	MECHANICALLY_EXTRACTED_REVIEW_REQUIRED
33_bgwriter_memory_pressure/03_autovacuum_worker_pressure.sql	none	NO_SEVERITY_LABEL	none	t.dead_tuple_pct >= 20	none mechanically extracted	LIVE_INSTANCE_SNAPSHOT	NOT_APPLICABLE	NOT_APPLICABLE	No severity label is emitted by active SQL.	Point-in-time evidence can miss intermittent events; repeat or sample and correlate with logs.	MECHANICALLY_EXTRACTED_REVIEW_REQUIRED
33_bgwriter_memory_pressure/04_parallel_worker_pressure.sql	none	NO_SEVERITY_LABEL	none	w.active_parallel_workers >= c.max_parallel_workers * 0.8	none mechanically extracted	LIVE_INSTANCE_SNAPSHOT	NOT_APPLICABLE	NOT_APPLICABLE	No severity label is emitted by active SQL.	Point-in-time evidence can miss intermittent events; repeat or sample and correlate with logs.	MECHANICALLY_EXTRACTED_REVIEW_REQUIRED
33_bgwriter_memory_pressure/05_temp_spill_work_mem_pressure.sql	none	NO_SEVERITY_LABEL	none	none mechanically extracted	WHERE temp_blks_written > 0	CUMULATIVE_PG_STAT_STATEMENTS	NOT_APPLICABLE	NOT_APPLICABLE	No severity label is emitted by active SQL.	Values cover the period since each entry/statistics reset; use interval snapshots for incident-window rates and percentages.	MECHANICALLY_EXTRACTED_REVIEW_REQUIRED
34_consistency_integrity_checks/01_invalid_indexes_and_constraints.sql	HIGH,MEDIUM	STATE_OR_BOOLEAN_RULE	none	con.contype = 'f'	AND n.nspname <> 'information_schema'	CATALOG_OR_CONFIGURATION_FACT	HIGH	LOW	The rule is explicit and evaluates current catalog/configuration or live-state evidence.	Current database/instance state only; provider, OS, application, and historical context may still be required.	MECHANICALLY_EXTRACTED_REVIEW_REQUIRED
34_consistency_integrity_checks/02_checksum_status_and_failures.sql	none	NO_SEVERITY_LABEL	none	none mechanically extracted	none mechanically extracted	CUMULATIVE_INSTANCE_COUNTER	NOT_APPLICABLE	NOT_APPLICABLE	No severity label is emitted by active SQL.	Counter totals are not current rates; calculate deltas across a known interval and account for resets.	MECHANICALLY_EXTRACTED_REVIEW_REQUIRED
34_consistency_integrity_checks/03_toast_catalog_consistency_signals.sql	none	NO_SEVERITY_LABEL	none	none mechanically extracted	WHERE c.relkind IN ('r', 'm') || AND c.reltoastrelid <> 0 || AND n.nspname <> 'information_schema'	CATALOG_OR_CONFIGURATION_FACT	NOT_APPLICABLE	NOT_APPLICABLE	No severity label is emitted by active SQL.	Current database/instance state only; provider, OS, application, and historical context may still be required.	MECHANICALLY_EXTRACTED_REVIEW_REQUIRED
34_consistency_integrity_checks/04_amcheck_readiness_and_candidate_commands.sql	none	NO_SEVERITY_LABEL	none	none mechanically extracted	AND n.nspname <> 'information_schema'	CATALOG_OR_CONFIGURATION_FACT	NOT_APPLICABLE	NOT_APPLICABLE	No severity label is emitted by active SQL.	Current database/instance state only; provider, OS, application, and historical context may still be required.	MECHANICALLY_EXTRACTED_REVIEW_REQUIRED
34_consistency_integrity_checks/05_xid_visibility_integrity_risk.sql	none	NO_SEVERITY_LABEL	none	xid_age >= 1500000000 OR multixact_age >= 1500000000 || xid_age >= 1000000000 OR multixact_age >= 1000000000	WHERE c.relkind IN ('r', 'm', 'p') || AND n.nspname <> 'information_schema'	PLANNER_OR_MAINTENANCE_ESTIMATE	NOT_APPLICABLE	NOT_APPLICABLE	No severity label is emitted by active SQL.	Statistics are sampled/estimated and may be stale; confirm ANALYZE recency and targeted evidence before action.	MECHANICALLY_EXTRACTED_REVIEW_REQUIRED
35_pooler_proxy_diagnostics/01_connection_saturation_queue_risk.sql	none	NO_SEVERITY_LABEL	none	a.client_backends >= (c.max_connections * 0.85)	none mechanically extracted	LIVE_INSTANCE_SNAPSHOT	NOT_APPLICABLE	NOT_APPLICABLE	No severity label is emitted by active SQL.	Point-in-time evidence can miss intermittent events; repeat or sample and correlate with logs.	MECHANICALLY_EXTRACTED_REVIEW_REQUIRED
35_pooler_proxy_diagnostics/02_connection_distribution_by_app_user.sql	none	NO_SEVERITY_LABEL	none	count(*) FILTER (WHERE state = 'idle') >= 50	none mechanically extracted	LIVE_INSTANCE_SNAPSHOT	NOT_APPLICABLE	NOT_APPLICABLE	No severity label is emitted by active SQL.	Point-in-time evidence can miss intermittent events; repeat or sample and correlate with logs.	MECHANICALLY_EXTRACTED_REVIEW_REQUIRED
35_pooler_proxy_diagnostics/03_prepared_statement_pooling_risk.sql	none	NO_SEVERITY_LABEL	none	s.prepared_statement_count > 500	none mechanically extracted	CATALOG_OR_CONFIGURATION_FACT	NOT_APPLICABLE	NOT_APPLICABLE	No severity label is emitted by active SQL.	Current database/instance state only; provider, OS, application, and historical context may still be required.	MECHANICALLY_EXTRACTED_REVIEW_REQUIRED
35_pooler_proxy_diagnostics/04_tx_pooling_incompatible_patterns_pgss.sql	REVIEW	STATE_OR_BOOLEAN_RULE	none	incompatibility_pattern IN ('LISTEN_UNLISTEN', 'SESSION_STATE_MUTATION', 'ADVISORY_LOCK_USAGE') || incompatibility_pattern IN ('TEMP_TABLE_USAGE', 'CURSOR_USAGE')	none mechanically extracted	CUMULATIVE_PG_STAT_STATEMENTS	MEDIUM	LOW	The rule is explicit, but its input is cumulative, sampled, estimated, or capture-cadence dependent.	Values cover the period since each entry/statistics reset; use interval snapshots for incident-window rates and percentages.	MECHANICALLY_EXTRACTED_REVIEW_REQUIRED
35_pooler_proxy_diagnostics/05_pooler_proxy_inventory_signals.sql	none	NO_SEVERITY_LABEL	none	none mechanically extracted	none mechanically extracted	LIVE_INSTANCE_SNAPSHOT	NOT_APPLICABLE	NOT_APPLICABLE	No severity label is emitted by active SQL.	Point-in-time evidence can miss intermittent events; repeat or sample and correlate with logs.	MECHANICALLY_EXTRACTED_REVIEW_REQUIRED
36_cloud_provider_signals/01_managed_service_fingerprint.sql	none	NO_SEVERITY_LABEL	none	none mechanically extracted	none mechanically extracted	CATALOG_OR_CONFIGURATION_FACT	NOT_APPLICABLE	NOT_APPLICABLE	No severity label is emitted by active SQL.	Current database/instance state only; provider, OS, application, and historical context may still be required.	MECHANICALLY_EXTRACTED_REVIEW_REQUIRED
36_cloud_provider_signals/02_parameter_pending_restart_drift.sql	none	NO_SEVERITY_LABEL	none	none mechanically extracted	OR source <> 'default'	CATALOG_OR_CONFIGURATION_FACT	NOT_APPLICABLE	NOT_APPLICABLE	No severity label is emitted by active SQL.	Current database/instance state only; provider, OS, application, and historical context may still be required.	MECHANICALLY_EXTRACTED_REVIEW_REQUIRED
36_cloud_provider_signals/03_replica_lag_failover_signals.sql	none	NO_SEVERITY_LABEL	none	none mechanically extracted	none mechanically extracted	CATALOG_OR_CONFIGURATION_FACT	NOT_APPLICABLE	NOT_APPLICABLE	No severity label is emitted by active SQL.	Current database/instance state only; provider, OS, application, and historical context may still be required.	MECHANICALLY_EXTRACTED_REVIEW_REQUIRED
36_cloud_provider_signals/04_storage_iops_temp_wal_pressure.sql	none	NO_SEVERITY_LABEL	none	none mechanically extracted	none mechanically extracted	CUMULATIVE_INSTANCE_COUNTER	NOT_APPLICABLE	NOT_APPLICABLE	No severity label is emitted by active SQL.	Counter totals are not current rates; calculate deltas across a known interval and account for resets.	MECHANICALLY_EXTRACTED_REVIEW_REQUIRED
36_cloud_provider_signals/05_cloud_incident_window_checklist.sql	none	NO_SEVERITY_LABEL	none	none mechanically extracted	none mechanically extracted	CATALOG_OR_CONFIGURATION_FACT	NOT_APPLICABLE	NOT_APPLICABLE	No severity label is emitted by active SQL.	Current database/instance state only; provider, OS, application, and historical context may still be required.	MECHANICALLY_EXTRACTED_REVIEW_REQUIRED
37_object_lifecycle_capacity/01_create_lifecycle_repository.sql	none	NO_SEVERITY_LABEL	none	none mechanically extracted	none mechanically extracted	PLANNER_OR_MAINTENANCE_ESTIMATE	NOT_APPLICABLE	NOT_APPLICABLE	No severity label is emitted by active SQL.	Statistics are sampled/estimated and may be stale; confirm ANALYZE recency and targeted evidence before action.	MECHANICALLY_EXTRACTED_REVIEW_REQUIRED
37_object_lifecycle_capacity/02_create_ddl_event_triggers.sql	none	NO_SEVERITY_LABEL	none	none mechanically extracted	none mechanically extracted	REPOSITORY_HISTORY	NOT_APPLICABLE	NOT_APPLICABLE	No severity label is emitted by active SQL.	Accuracy depends on repository setup, capture cadence, retention, and uninterrupted collection.	MECHANICALLY_EXTRACTED_REVIEW_REQUIRED
37_object_lifecycle_capacity/03_create_snapshot_procedures.sql	none	NO_SEVERITY_LABEL	none	none mechanically extracted	WHERE c.relkind IN ('r', 'p', 'm', 'i', 'S') || AND n.nspname <> 'information_schema'; || WHERE event_ts < v_cutoff; || WHERE captured_at < v_cutoff;	PLANNER_OR_MAINTENANCE_ESTIMATE	NOT_APPLICABLE	NOT_APPLICABLE	No severity label is emitted by active SQL.	Statistics are sampled/estimated and may be stale; confirm ANALYZE recency and targeted evidence before action.	MECHANICALLY_EXTRACTED_REVIEW_REQUIRED
37_object_lifecycle_capacity/04_capture_snapshot_now.sql	REVIEW	ADVISORY_LABEL_ONLY	none	none mechanically extracted	none mechanically extracted	REPOSITORY_HISTORY	LOW	LOW	Severity wording exists but no CASE threshold was mechanically traceable; manual interpretation is required.	Accuracy depends on repository setup, capture cadence, retention, and uninterrupted collection.	MECHANICALLY_EXTRACTED_REVIEW_REQUIRED
37_object_lifecycle_capacity/05_create_index_lifecycle_views.sql	REVIEW	HARDCODED_THRESHOLD	none	coalesce(l.is_valid, true) = false OR coalesce(l.is_ready, true) = false OR coalesce(l.is_live, true) = false || lifecycle_status IN ('NEVER_USED_30D', 'STALE_30D')	WHERE coalesce(delta_idx_scan, 0) > 0 || AND (c.created_at IS NULL OR d.dropped_at > c.created_at) || AND l.object_key IS NULL THEN 'DROPPED' || AND (c.created_at IS NULL OR d.dropped_at > c.created_at) THEN 'DROPPED_EVENT_PRESENT' || AND l.object_key IS NULL THEN 'Dropped index captured in DDL log.' || AND (c.created_at IS NULL OR d.dropped_at > c.created_at) THEN 'Drop event exists for index name currently present; review event history.'	REPOSITORY_HISTORY	MEDIUM	LOW	The rule is explicit, but its input is cumulative, sampled, estimated, or capture-cadence dependent.	Accuracy depends on repository setup, capture cadence, retention, and uninterrupted collection.	MECHANICALLY_EXTRACTED_REVIEW_REQUIRED
37_object_lifecycle_capacity/06_create_table_modification_views.sql	REVIEW	HARDCODED_THRESHOLD	none	total_dml >= 10000000 || total_dml >= 1000000 || max_dead_tuple_pct >= 20	none mechanically extracted	PLANNER_OR_MAINTENANCE_ESTIMATE	MEDIUM	LOW	The rule is explicit, but its input is cumulative, sampled, estimated, or capture-cadence dependent.	Statistics are sampled/estimated and may be stale; confirm ANALYZE recency and targeted evidence before action.	MECHANICALLY_EXTRACTED_REVIEW_REQUIRED
37_object_lifecycle_capacity/07_create_growth_views.sql	HIGH,REVIEW	HARDCODED_THRESHOLD	none	growth_pct >= 25 || growth_pct >= 10 || growth_pct >= 50 || growth_pct >= 20	WHERE growth_bytes IS NOT NULL	REPOSITORY_HISTORY	MEDIUM	LOW	The rule is explicit, but its input is cumulative, sampled, estimated, or capture-cadence dependent.	Accuracy depends on repository setup, capture cadence, retention, and uninterrupted collection.	MECHANICALLY_EXTRACTED_REVIEW_REQUIRED
37_object_lifecycle_capacity/08_create_action_advisory_views.sql	HIGH,LOW,MEDIUM,REVIEW	HARDCODED_THRESHOLD	none	i.current_index_size_bytes >= 1024::bigint * 1024 * 1024 || coalesce(g.growth_bytes, 0) >= 5::bigint * 1024 * 1024 * 1024 || coalesce(g.growth_bytes, 0) >= 1::bigint * 1024 * 1024 * 1024 || t.total_dml >= 10000000 || t.total_dml >= 1000000	WHERE i.dropped_at IS NULL || AND i.lifecycle_status IN ('NEVER_USED_30D', 'STALE_30D') || AND i.current_index_size_bytes >= 64::bigint * 1024 * 1024 || AND i.drop_eligibility_status IN ('BLOCK_PRIMARY', 'BLOCK_CONSTRAINT', 'BLOCK_UNIQUE', 'HOLD_45D') || WHERE coalesce(g.growth_bytes, 0) > 0 || AND (coalesce(g.growth_bytes, 0) >= 1::bigint * 1024 * 1024 * 1024 OR coalesce(g.growth_pct, 0) >= 20) || WHERE t.total_dml >= 1000000	REPOSITORY_HISTORY	MEDIUM	LOW	The rule is explicit, but its input is cumulative, sampled, estimated, or capture-cadence dependent.	Accuracy depends on repository setup, capture cadence, retention, and uninterrupted collection.	MECHANICALLY_EXTRACTED_REVIEW_REQUIRED
37_object_lifecycle_capacity/09_scheduler_runbook.sql	none	NO_SEVERITY_LABEL	none	none mechanically extracted	none mechanically extracted	REPOSITORY_HISTORY	NOT_APPLICABLE	NOT_APPLICABLE	No severity label is emitted by active SQL.	Accuracy depends on repository setup, capture cadence, retention, and uninterrupted collection.	MECHANICALLY_EXTRACTED_REVIEW_REQUIRED
37_object_lifecycle_capacity/10_monthly_capacity_report.sql	HIGH,LOW,MEDIUM,REVIEW	HARDCODED_THRESHOLD	none	coalesce(growth_pct, 0) >= 25 || coalesce(growth_pct, 0) >= 10 || coalesce(growth_pct, 0) >= 50 OR coalesce(growth_bytes, 0) >= 5::bigint * 1024 * 1024 * 1024 || coalesce(growth_pct, 0) >= 20 OR coalesce(growth_bytes, 0) >= 1::bigint * 1024 * 1024 * 1024	WHERE growth_bytes IS NOT NULL	REPOSITORY_HISTORY	MEDIUM	LOW	The rule is explicit, but its input is cumulative, sampled, estimated, or capture-cadence dependent.	Accuracy depends on repository setup, capture cadence, retention, and uninterrupted collection.	MECHANICALLY_EXTRACTED_REVIEW_REQUIRED
37_object_lifecycle_capacity/11_index_usage_lab_create_use_drop_demo.sql	none	NO_SEVERITY_LABEL	none	none mechanically extracted	WHERE customer_id BETWEEN 120 AND 900; || WHERE customer_id IN (333, 777, 999);	LAB_WORKFLOW	NOT_APPLICABLE	NOT_APPLICABLE	No severity label is emitted by active SQL.	Use only in an isolated disposable database.	MECHANICALLY_EXTRACTED_REVIEW_REQUIRED
37_object_lifecycle_capacity/12_table_modification_tracking_demo.sql	none	NO_SEVERITY_LABEL	none	none mechanically extracted	WHERE order_id IN (	LAB_WORKFLOW	NOT_APPLICABLE	NOT_APPLICABLE	No severity label is emitted by active SQL.	Use only in an isolated disposable database.	MECHANICALLY_EXTRACTED_REVIEW_REQUIRED
38_observability_360/01_instance_health_360_dashboard.sql	CRITICAL,HIGH,LOW,OK,REVIEW,WARN	HARDCODED_THRESHOLD	none	sessions.total_connections >= settings.max_connections * 0.90 || sessions.total_connections >= settings.max_connections * 0.75 || idle_in_txn_connections > 0 || waiting_sessions > 0 || waiting_locks > 0 || transactions_over_15m > 0 || (100 * blks_hit / NULLIF(blks_hit + blks_read, 0)) < 95 || deadlocks > 0	WHERE xact_start IS NOT NULL || AND now() - xact_start > interval '15 minutes' || WHERE datname NOT IN ('template0', 'template1')	LIVE_INSTANCE_SNAPSHOT	HIGH	LOW	The rule is explicit and evaluates current catalog/configuration or live-state evidence.	Point-in-time evidence can miss intermittent events; repeat or sample and correlate with logs.	MECHANICALLY_EXTRACTED_REVIEW_REQUIRED
38_observability_360/02_cloudwatch_metric_equivalents.sql	HIGH,REVIEW,WARNING	ADVISORY_LABEL_ONLY	none	none mechanically extracted	WHERE restart_lsn IS NOT NULL	LIVE_INSTANCE_SNAPSHOT	LOW	LOW	Severity wording exists but no CASE threshold was mechanically traceable; manual interpretation is required.	Point-in-time evidence can miss intermittent events; repeat or sample and correlate with logs.	MECHANICALLY_EXTRACTED_REVIEW_REQUIRED
38_observability_360/03_stat_view_coverage_check.sql	none	NO_SEVERITY_LABEL	none	none mechanically extracted	none mechanically extracted	CUMULATIVE_PG_STAT_STATEMENTS	NOT_APPLICABLE	NOT_APPLICABLE	No severity label is emitted by active SQL.	Values cover the period since each entry/statistics reset; use interval snapshots for incident-window rates and percentages.	MECHANICALLY_EXTRACTED_REVIEW_REQUIRED
38_observability_360/04_wait_event_hotspots.sql	none	NO_SEVERITY_LABEL	none	none mechanically extracted	none mechanically extracted	LIVE_INSTANCE_SNAPSHOT	NOT_APPLICABLE	NOT_APPLICABLE	No severity label is emitted by active SQL.	Point-in-time evidence can miss intermittent events; repeat or sample and correlate with logs.	MECHANICALLY_EXTRACTED_REVIEW_REQUIRED
38_observability_360/05_database_activity_metrics.sql	none	NO_SEVERITY_LABEL	none	none mechanically extracted	WHERE datname IS NOT NULL	CUMULATIVE_INSTANCE_COUNTER	NOT_APPLICABLE	NOT_APPLICABLE	No severity label is emitted by active SQL.	Counter totals are not current rates; calculate deltas across a known interval and account for resets.	MECHANICALLY_EXTRACTED_REVIEW_REQUIRED
38_observability_360/06_table_index_activity_heatmap.sql	none	NO_SEVERITY_LABEL	none	none mechanically extracted	none mechanically extracted	PLANNER_OR_MAINTENANCE_ESTIMATE	NOT_APPLICABLE	NOT_APPLICABLE	No severity label is emitted by active SQL.	Statistics are sampled/estimated and may be stale; confirm ANALYZE recency and targeted evidence before action.	MECHANICALLY_EXTRACTED_REVIEW_REQUIRED
38_observability_360/07_wal_checkpoint_archiver_dashboard.sql	CRITICAL,HIGH,OK,REVIEW,WARN	HARDCODED_THRESHOLD	none	wal_buffers_full > 0 || failed_count > 0 || (100.0 * num_requested / NULLIF(num_timed + num_requested, 0)) > 20 || (100.0 * checkpoints_req / NULLIF(checkpoints_timed + checkpoints_req, 0)) > 20	none mechanically extracted	CUMULATIVE_INSTANCE_COUNTER	MEDIUM	LOW	The rule is explicit, but its input is cumulative, sampled, estimated, or capture-cadence dependent.	Counter totals are not current rates; calculate deltas across a known interval and account for resets.	MECHANICALLY_EXTRACTED_REVIEW_REQUIRED
38_observability_360/08_autovacuum_vacuum_analyze_progress.sql	none	NO_SEVERITY_LABEL	none	none mechanically extracted	none mechanically extracted	LIVE_INSTANCE_SNAPSHOT	NOT_APPLICABLE	NOT_APPLICABLE	No severity label is emitted by active SQL.	Point-in-time evidence can miss intermittent events; repeat or sample and correlate with logs.	MECHANICALLY_EXTRACTED_REVIEW_REQUIRED
38_observability_360/09_replication_and_slot_dashboard.sql	none	NO_SEVERITY_LABEL	none	none mechanically extracted	none mechanically extracted	CATALOG_OR_CONFIGURATION_FACT	NOT_APPLICABLE	NOT_APPLICABLE	No severity label is emitted by active SQL.	Current database/instance state only; provider, OS, application, and historical context may still be required.	MECHANICALLY_EXTRACTED_REVIEW_REQUIRED
38_observability_360/10_query_capture_quality_pgss.sql	HIGH,LOW,REVIEW	ADVISORY_LABEL_ONLY	none	none mechanically extracted	OR to_regclass('pg_catalog.pg_stat_statements') IS NOT NULL || OR to_regclass('pg_stat_statements') IS NOT NULL THEN	CUMULATIVE_PG_STAT_STATEMENTS	LOW	LOW	Severity wording exists but no CASE threshold was mechanically traceable; manual interpretation is required.	Values cover the period since each entry/statistics reset; use interval snapshots for incident-window rates and percentages.	MECHANICALLY_EXTRACTED_REVIEW_REQUIRED
38_observability_360/11_growth_and_capacity_snapshot_now.sql	none	NO_SEVERITY_LABEL	none	none mechanically extracted	WHERE c.relkind IN ('r','p','m') || AND n.nspname NOT IN ('pg_catalog','information_schema') || WHERE datname IS NOT NULL	PLANNER_OR_MAINTENANCE_ESTIMATE	NOT_APPLICABLE	NOT_APPLICABLE	No severity label is emitted by active SQL.	Statistics are sampled/estimated and may be stale; confirm ANALYZE recency and targeted evidence before action.	MECHANICALLY_EXTRACTED_REVIEW_REQUIRED
38_observability_360/12_sme_triage_command_router.sql	HIGH,REVIEW	ADVISORY_LABEL_ONLY	none	none mechanically extracted	none mechanically extracted	CUMULATIVE_PG_STAT_STATEMENTS	LOW	LOW	Severity wording exists but no CASE threshold was mechanically traceable; manual interpretation is required.	Values cover the period since each entry/statistics reset; use interval snapshots for incident-window rates and percentages.	MECHANICALLY_EXTRACTED_REVIEW_REQUIRED
39_observer_agent_monitoring/01_create_observer_repository.sql	LOW	ADVISORY_LABEL_ONLY	none	none mechanically extracted	none mechanically extracted	REPOSITORY_HISTORY	LOW	LOW	Severity wording exists but no CASE threshold was mechanically traceable; manual interpretation is required.	Accuracy depends on repository setup, capture cadence, retention, and uninterrupted collection.	MECHANICALLY_EXTRACTED_REVIEW_REQUIRED
39_observer_agent_monitoring/02_capture_observer_snapshot.sql	CRITICAL,OK,REVIEW,WARN	HARDCODED_THRESHOLD	none	max_slot_retained_wal_bytes >= 10737418240 || max_replica_lag_seconds >= 300 || max_database_xid_age >= 1500000000 || max_table_xid_age >= 1500000000 || autovacuum_backlog_tables >= 10 || critical_count > 0 || warn_count > 0 || review_count > 0	WHERE datname NOT IN ('template0', 'template1') || WHERE s.restart_lsn IS NOT NULL || AND wp.current_lsn IS NOT NULL || WHERE c.relkind IN ('r','p','m','t') || AND n.nspname NOT IN ('pg_catalog','information_schema') || WHERE (n_dead_tup > 10000 AND n_dead_tup > n_live_tup * 0.10) || OR n_mod_since_analyze > 100000	LIVE_INSTANCE_SNAPSHOT	HIGH	LOW	The rule is explicit and evaluates current catalog/configuration or live-state evidence.	Point-in-time evidence can miss intermittent events; repeat or sample and correlate with logs.	MECHANICALLY_EXTRACTED_REVIEW_REQUIRED
39_observer_agent_monitoring/03_health_score_dashboard.sql	CRITICAL,REVIEW,WARN	ADVISORY_LABEL_ONLY	none	none mechanically extracted	none mechanically extracted	REPOSITORY_HISTORY	LOW	LOW	Severity wording exists but no CASE threshold was mechanically traceable; manual interpretation is required.	Accuracy depends on repository setup, capture cadence, retention, and uninterrupted collection.	MECHANICALLY_EXTRACTED_REVIEW_REQUIRED
39_observer_agent_monitoring/04_active_incident_detector.sql	CRITICAL,HIGH,LOW,MEDIUM,REVIEW,WARN	HARDCODED_THRESHOLD	none	connections_used_pct >= 90 || max_slot_retained_wal_bytes >= 10737418240 || max_replica_lag_seconds >= 300 || max_database_xid_age >= 1500000000 || autovacuum_backlog_tables >= 10	WHERE datname NOT IN ('template0', 'template1') || WHERE s.restart_lsn IS NOT NULL || AND wp.current_lsn IS NOT NULL || WHERE c.relkind IN ('r','p','m','t') || AND n.nspname NOT IN ('pg_catalog','information_schema')) AS max_table_xid_age || WHERE (n_dead_tup > 10000 AND n_dead_tup > n_live_tup * 0.10) || OR n_mod_since_analyze > 100000	LIVE_INSTANCE_SNAPSHOT	HIGH	LOW	The rule is explicit and evaluates current catalog/configuration or live-state evidence.	Point-in-time evidence can miss intermittent events; repeat or sample and correlate with logs.	MANUALLY_VERIFIED_AND_RUNTIME_TESTED
39_observer_agent_monitoring/05_wait_lock_io_wal_classifier.sql	LOW,REVIEW	HARDCODED_THRESHOLD	none	w.io_wait_sessions > 0 OR d.blk_read_time + d.blk_write_time > 0 || d.temp_bytes > 0 || wal_buffers_full > 0	WHERE datname NOT IN ('template0', 'template1')	LIVE_INSTANCE_SNAPSHOT	HIGH	LOW	The rule is explicit and evaluates current catalog/configuration or live-state evidence.	Point-in-time evidence can miss intermittent events; repeat or sample and correlate with logs.	MECHANICALLY_EXTRACTED_REVIEW_REQUIRED
39_observer_agent_monitoring/06_top_root_cause_action_queue.sql	HIGH,REVIEW	HARDCODED_THRESHOLD	none	none mechanically extracted	WHERE xact_start IS NOT NULL || AND now() - xact_start > interval '15 minutes' || AND query_start IS NOT NULL || AND now() - query_start > interval '5 minutes' || WHERE restart_lsn IS NOT NULL	CUMULATIVE_PG_STAT_STATEMENTS	LOW	LOW	Severity wording exists but no CASE threshold was mechanically traceable; manual interpretation is required.	Values cover the period since each entry/statistics reset; use interval snapshots for incident-window rates and percentages.	MECHANICALLY_EXTRACTED_REVIEW_REQUIRED
39_observer_agent_monitoring/07_baseline_deviation_report.sql	none	NO_SEVERITY_LABEL	none	none mechanically extracted	none mechanically extracted	REPOSITORY_HISTORY	NOT_APPLICABLE	NOT_APPLICABLE	No severity label is emitted by active SQL.	Accuracy depends on repository setup, capture cadence, retention, and uninterrupted collection.	MECHANICALLY_EXTRACTED_REVIEW_REQUIRED
39_observer_agent_monitoring/08_sla_risk_dashboard.sql	CRITICAL,HIGH,LOW,OK,REVIEW,WARN	HARDCODED_THRESHOLD	none	waiting_locks > 0 OR connections_used_pct >= 90 || connections_used_pct >= 75 || long_queries_over_5m > 0 OR waiting_sessions > 0 || coalesce(cache_hit_pct, 100) < 90 || coalesce(cache_hit_pct, 100) < 95 || archive_failed_count > 0 OR max_replica_lag_seconds >= 300 || max_replica_lag_seconds >= 60 || autovacuum_backlog_tables >= 10	WHERE datname NOT IN ('template0', 'template1') || WHERE (n_dead_tup > 10000 AND n_dead_tup > n_live_tup * 0.10) || OR n_mod_since_analyze > 100000	LIVE_INSTANCE_SNAPSHOT	HIGH	LOW	The rule is explicit and evaluates current catalog/configuration or live-state evidence.	Point-in-time evidence can miss intermittent events; repeat or sample and correlate with logs.	MECHANICALLY_EXTRACTED_REVIEW_REQUIRED
39_observer_agent_monitoring/09_generate_agent_summary.sql	CRITICAL,HIGH	ADVISORY_LABEL_ONLY	none	none mechanically extracted	none mechanically extracted	LIVE_INSTANCE_SNAPSHOT	LOW	LOW	Severity wording exists but no CASE threshold was mechanically traceable; manual interpretation is required.	Point-in-time evidence can miss intermittent events; repeat or sample and correlate with logs.	MECHANICALLY_EXTRACTED_REVIEW_REQUIRED
39_observer_agent_monitoring/10_observer_scheduler_runbook.sql	REVIEW	ADVISORY_LABEL_ONLY	none	none mechanically extracted	none mechanically extracted	REPOSITORY_HISTORY	LOW	LOW	Severity wording exists but no CASE threshold was mechanically traceable; manual interpretation is required.	Accuracy depends on repository setup, capture cadence, retention, and uninterrupted collection.	MECHANICALLY_EXTRACTED_REVIEW_REQUIRED
40_pgadmin_safe_diagnostics/01_pgadmin_compatibility_audit.sql	none	NO_SEVERITY_LABEL	none	none mechanically extracted	none mechanically extracted	CUMULATIVE_PG_STAT_STATEMENTS	NOT_APPLICABLE	NOT_APPLICABLE	No severity label is emitted by active SQL.	Values cover the period since each entry/statistics reset; use interval snapshots for incident-window rates and percentages.	MECHANICALLY_EXTRACTED_REVIEW_REQUIRED
40_pgadmin_safe_diagnostics/02_pgadmin_safe_vacuum_progress.sql	none	NO_SEVERITY_LABEL	none	none mechanically extracted	none mechanically extracted	LIVE_INSTANCE_SNAPSHOT	NOT_APPLICABLE	NOT_APPLICABLE	No severity label is emitted by active SQL.	Point-in-time evidence can miss intermittent events; repeat or sample and correlate with logs.	MECHANICALLY_EXTRACTED_REVIEW_REQUIRED
40_pgadmin_safe_diagnostics/03_pgadmin_safe_checkpoint_bgwriter.sql	HIGH	ADVISORY_LABEL_ONLY	none	none mechanically extracted	none mechanically extracted	CATALOG_OR_CONFIGURATION_FACT	LOW	LOW	Severity wording exists but no CASE threshold was mechanically traceable; manual interpretation is required.	Current database/instance state only; provider, OS, application, and historical context may still be required.	MECHANICALLY_EXTRACTED_REVIEW_REQUIRED
40_pgadmin_safe_diagnostics/04_pgadmin_safe_pg_stat_io_overview.sql	HIGH,LOW,REVIEW	HARDCODED_THRESHOLD	none	sum(read_time) > 0 AND sum(reads) > 0 AND sum(read_time) / NULLIF(sum(reads), 0) > 10 || sum(write_time) > 0 AND sum(writes) > 0 AND sum(write_time) / NULLIF(sum(writes), 0) > 10	none mechanically extracted	CUMULATIVE_INSTANCE_COUNTER	MEDIUM	LOW	The rule is explicit, but its input is cumulative, sampled, estimated, or capture-cadence dependent.	Counter totals are not current rates; calculate deltas across a known interval and account for resets.	MECHANICALLY_EXTRACTED_REVIEW_REQUIRED
40_pgadmin_safe_diagnostics/05_pgadmin_safe_pg_stat_statements_quality.sql	HIGH,REVIEW	HARDCODED_THRESHOLD	none	s.mean_exec_time > 1000	WHERE s.calls > 0 || WHERE rn <= 25	CUMULATIVE_PG_STAT_STATEMENTS	MEDIUM	LOW	The rule is explicit, but its input is cumulative, sampled, estimated, or capture-cadence dependent.	Values cover the period since each entry/statistics reset; use interval snapshots for incident-window rates and percentages.	MECHANICALLY_EXTRACTED_REVIEW_REQUIRED
40_pgadmin_safe_diagnostics/06_pgadmin_safe_cloudwatch_metric_equivalents.sql	HIGH,LOW,REVIEW	HARDCODED_THRESHOLD	none	none mechanically extracted	WHERE xact_start < now() - interval '15 minutes'	LIVE_INSTANCE_SNAPSHOT	LOW	LOW	Severity wording exists but no CASE threshold was mechanically traceable; manual interpretation is required.	Point-in-time evidence can miss intermittent events; repeat or sample and correlate with logs.	MECHANICALLY_EXTRACTED_REVIEW_REQUIRED
40_pgadmin_safe_diagnostics/07_pgadmin_safe_replication_ha_dashboard.sql	HIGH,LOW,REVIEW	HARDCODED_THRESHOLD	none	replay_lag_bytes > 1024 * 1024 * 1024	none mechanically extracted	CATALOG_OR_CONFIGURATION_FACT	HIGH	LOW	The rule is explicit and evaluates current catalog/configuration or live-state evidence.	Current database/instance state only; provider, OS, application, and historical context may still be required.	MECHANICALLY_EXTRACTED_REVIEW_REQUIRED
40_pgadmin_safe_diagnostics/08_pgadmin_safe_wal_checkpoint_archiver.sql	HIGH,LOW,REVIEW	ADVISORY_LABEL_ONLY	none	none mechanically extracted	none mechanically extracted	CUMULATIVE_INSTANCE_COUNTER	LOW	LOW	Severity wording exists but no CASE threshold was mechanically traceable; manual interpretation is required.	Counter totals are not current rates; calculate deltas across a known interval and account for resets.	MECHANICALLY_EXTRACTED_REVIEW_REQUIRED
40_pgadmin_safe_diagnostics/09_pgadmin_safe_observer_health_dashboard.sql	CRITICAL,HIGH,LOW,OK,REVIEW,WARNING	HARDCODED_THRESHOLD	none	a.sessions / NULLIF(s.max_connections, 0) >= 0.9 || a.sessions / NULLIF(s.max_connections, 0) >= 0.75 || active_sessions > greatest(8, sessions * 0.75) || lock_waiters > 0 || long_xacts > 0 || xmin_holders > 0 || cache_hit_pct < 95 || temp_mb > 10240	none mechanically extracted	LIVE_INSTANCE_SNAPSHOT	HIGH	LOW	The rule is explicit and evaluates current catalog/configuration or live-state evidence.	Point-in-time evidence can miss intermittent events; repeat or sample and correlate with logs.	MECHANICALLY_EXTRACTED_REVIEW_REQUIRED
40_pgadmin_safe_diagnostics/10_pgadmin_safe_root_cause_action_queue.sql	CRITICAL,LOW,REVIEW	HARDCODED_THRESHOLD	none	none mechanically extracted	WHERE temp_blks_read + temp_blks_written > 0	CUMULATIVE_PG_STAT_STATEMENTS	LOW	LOW	Severity wording exists but no CASE threshold was mechanically traceable; manual interpretation is required.	Values cover the period since each entry/statistics reset; use interval snapshots for incident-window rates and percentages.	MECHANICALLY_EXTRACTED_REVIEW_REQUIRED
40_pgadmin_safe_diagnostics/11_pgadmin_safe_backup_restore_evidence.sql	CRITICAL,OK,WARNING	HARDCODED_THRESHOLD	none	current_setting('wal_level') IN ('replica', 'logical') || current_setting('archive_mode') IN ('on', 'always') || nullif(current_setting('archive_command', true), '') IS NULL || failed_count > 0 || archived_count > 0 || count(*) > 0 || max(finished_at) > now() - interval '1 day'	none mechanically extracted	REPOSITORY_HISTORY	MEDIUM	LOW	The rule is explicit, but its input is cumulative, sampled, estimated, or capture-cadence dependent.	Accuracy depends on repository setup, capture cadence, retention, and uninterrupted collection.	MECHANICALLY_EXTRACTED_REVIEW_REQUIRED
40_pgadmin_safe_diagnostics/12_pgadmin_safe_sme_diagnosis_router.sql	none	NO_SEVERITY_LABEL	none	none mechanically extracted	none mechanically extracted	LIVE_INSTANCE_SNAPSHOT	NOT_APPLICABLE	NOT_APPLICABLE	No severity label is emitted by active SQL.	Point-in-time evidence can miss intermittent events; repeat or sample and correlate with logs.	MECHANICALLY_EXTRACTED_REVIEW_REQUIRED
41_aws_rds_aurora_postgresql/01_cloudwatch_metric_deep_dive_router.sql	HIGH,REVIEW	ADVISORY_LABEL_ONLY	none	none mechanically extracted	none mechanically extracted	SQL_SIGNAL_PLUS_EXTERNAL_PROVIDER_EVIDENCE	LOW	LOW	Severity wording exists but no CASE threshold was mechanically traceable; manual interpretation is required.	SQL cannot prove AWS storage, billing, host, or historical DBLoad metrics; correlate the same time window in AWS telemetry.	MECHANICALLY_EXTRACTED_REVIEW_REQUIRED
41_aws_rds_aurora_postgresql/02_compute_memory_serverless_pressure.sql	HIGH,REVIEW	ADVISORY_LABEL_ONLY	none	none mechanically extracted	AND wait_event_type IS NULL || WHERE pid <> pg_backend_pid() || OR backend_type IN ('parallel worker', 'autovacuum worker') || AND to_regclass('public.pg_stat_statements') IS NULL THEN	SQL_SIGNAL_PLUS_EXTERNAL_PROVIDER_EVIDENCE	LOW	LOW	Severity wording exists but no CASE threshold was mechanically traceable; manual interpretation is required.	SQL cannot prove AWS storage, billing, host, or historical DBLoad metrics; correlate the same time window in AWS telemetry.	MECHANICALLY_EXTRACTED_REVIEW_REQUIRED
41_aws_rds_aurora_postgresql/03_connections_commits_deadlocks.sql	CRITICAL,REVIEW,WARNING	HARDCODED_THRESHOLD	none	c.total_connections >= s.max_connections * 0.90 || c.idle_in_transaction > 0 || c.lock_waiters > 0	WHERE datname IS NOT NULL || WHERE cardinality(pg_blocking_pids(a.pid)) > 0 || WHERE wait_event_type IS NOT NULL	SQL_SIGNAL_PLUS_EXTERNAL_PROVIDER_EVIDENCE	LOW	LOW	The rule requires external/provider evidence or is a lab/advisory workflow.	SQL cannot prove AWS storage, billing, host, or historical DBLoad metrics; correlate the same time window in AWS telemetry.	MECHANICALLY_EXTRACTED_REVIEW_REQUIRED
41_aws_rds_aurora_postgresql/04_storage_io_cache_temp_pressure.sql	HIGH,WARNING	HARDCODED_THRESHOLD	none	temp_bytes >= 10::bigint * 1024 * 1024 * 1024 || coalesce(read_time, 0) / NULLIF(reads, 0) >= 10 || coalesce(write_time, 0) / NULLIF(writes, 0) >= 10	WHERE datname IS NOT NULL	SQL_SIGNAL_PLUS_EXTERNAL_PROVIDER_EVIDENCE	LOW	LOW	The rule requires external/provider evidence or is a lab/advisory workflow.	SQL cannot prove AWS storage, billing, host, or historical DBLoad metrics; correlate the same time window in AWS telemetry.	MECHANICALLY_EXTRACTED_REVIEW_REQUIRED
41_aws_rds_aurora_postgresql/05_wal_checkpoint_log_volume_pressure.sql	HIGH,REVIEW	ADVISORY_LABEL_ONLY	none	none mechanically extracted	WHERE restart_lsn IS NOT NULL || WHERE name IN (	SQL_SIGNAL_PLUS_EXTERNAL_PROVIDER_EVIDENCE	LOW	LOW	Severity wording exists but no CASE threshold was mechanically traceable; manual interpretation is required.	SQL cannot prove AWS storage, billing, host, or historical DBLoad metrics; correlate the same time window in AWS telemetry.	MECHANICALLY_EXTRACTED_REVIEW_REQUIRED
41_aws_rds_aurora_postgresql/06_replication_slots_global_database_pressure.sql	CRITICAL,HIGH,REVIEW	HARDCODED_THRESHOLD	none	NOT active AND coalesce(pg_wal_lsn_diff(pg_current_wal_lsn(), restart_lsn), 0) >= 10::numeric * 1024 * 1024 * 1024 || NOT active || coalesce(pg_wal_lsn_diff(pg_current_wal_lsn(), restart_lsn), 0) >= 10::numeric * 1024 * 1024 * 1024	AND coalesce(pg_wal_lsn_diff(pg_current_wal_lsn(), restart_lsn), 0) >= 10::numeric * 1024 * 1024 * 1024 || WHERE c.datname IS NOT NULL	SQL_SIGNAL_PLUS_EXTERNAL_PROVIDER_EVIDENCE	LOW	LOW	The rule requires external/provider evidence or is a lab/advisory workflow.	SQL cannot prove AWS storage, billing, host, or historical DBLoad metrics; correlate the same time window in AWS telemetry.	MECHANICALLY_EXTRACTED_REVIEW_REQUIRED
41_aws_rds_aurora_postgresql/07_xid_vacuum_wraparound_pressure.sql	CRITICAL,HIGH	HARDCODED_THRESHOLD	none	age(d.datfrozenxid)::numeric >= l.freeze_max_age * 0.90 || age(d.datfrozenxid)::numeric >= l.freeze_max_age * 0.75 || mxid_age(d.datminmxid)::numeric >= l.multixact_freeze_max_age * 0.75 || age(c.relfrozenxid)::numeric >= l.freeze_max_age * 0.90 || age(c.relfrozenxid)::numeric >= l.freeze_max_age * 0.75	WHERE c.relkind IN ('r', 'm') || AND n.nspname NOT IN ('pg_catalog', 'information_schema') || WHERE pid <> pg_backend_pid() || AND xact_start IS NOT NULL || OR backend_xmin IS NOT NULL || OR clock_timestamp() - xact_start > interval '5 minutes'	SQL_SIGNAL_PLUS_EXTERNAL_PROVIDER_EVIDENCE	LOW	LOW	The rule requires external/provider evidence or is a lab/advisory workflow.	SQL cannot prove AWS storage, billing, host, or historical DBLoad metrics; correlate the same time window in AWS telemetry.	MECHANICALLY_EXTRACTED_REVIEW_REQUIRED
41_aws_rds_aurora_postgresql/08_capacity_backup_billing_correlates.sql	none	NO_SEVERITY_LABEL	none	none mechanically extracted	WHERE c.relkind IN ('r', 'm', 'p') || AND n.nspname NOT IN ('pg_catalog', 'information_schema') || WHERE restart_lsn IS NOT NULL	SQL_SIGNAL_PLUS_EXTERNAL_PROVIDER_EVIDENCE	NOT_APPLICABLE	NOT_APPLICABLE	No severity label is emitted by active SQL.	SQL cannot prove AWS storage, billing, host, or historical DBLoad metrics; correlate the same time window in AWS telemetry.	MECHANICALLY_EXTRACTED_REVIEW_REQUIRED
41_aws_rds_aurora_postgresql/09_network_workload_correlates.sql	HIGH	ADVISORY_LABEL_ONLY	none	none mechanically extracted	WHERE pid <> pg_backend_pid() || WHERE datname IS NOT NULL || AND to_regclass('public.pg_stat_statements') IS NULL THEN	SQL_SIGNAL_PLUS_EXTERNAL_PROVIDER_EVIDENCE	LOW	LOW	Severity wording exists but no CASE threshold was mechanically traceable; manual interpretation is required.	SQL cannot prove AWS storage, billing, host, or historical DBLoad metrics; correlate the same time window in AWS telemetry.	MECHANICALLY_EXTRACTED_REVIEW_REQUIRED
41_aws_rds_aurora_postgresql/10_database_insights_dbload_deep_dive.sql	none	NO_SEVERITY_LABEL	none	none mechanically extracted	AND pid <> pg_backend_pid() || AND wait_event_type IS NULL || AND wait_event_type IS NOT NULL	SQL_SIGNAL_PLUS_EXTERNAL_PROVIDER_EVIDENCE	NOT_APPLICABLE	NOT_APPLICABLE	No severity label is emitted by active SQL.	SQL cannot prove AWS storage, billing, host, or historical DBLoad metrics; correlate the same time window in AWS telemetry.	MECHANICALLY_EXTRACTED_REVIEW_REQUIRED
41_aws_rds_aurora_postgresql/11_disk_queue_depth_deep_dive.sql	none	NO_SEVERITY_LABEL	none	coalesce((to_jsonb(i)->>'fsync_time')::numeric, 0) / NULLIF((to_jsonb(i)->>'fsyncs')::numeric, 0) >= 10 || coalesce((to_jsonb(i)->>'read_time')::numeric, 0) / NULLIF((to_jsonb(i)->>'reads')::numeric, 0) >= 10 || coalesce((to_jsonb(i)->>'write_time')::numeric, 0) / NULLIF((to_jsonb(i)->>'writes')::numeric, 0) >= 10	WHERE datname IS NOT NULL	SQL_SIGNAL_PLUS_EXTERNAL_PROVIDER_EVIDENCE	NOT_APPLICABLE	NOT_APPLICABLE	No severity label is emitted by active SQL.	SQL cannot prove AWS storage, billing, host, or historical DBLoad metrics; correlate the same time window in AWS telemetry.	MECHANICALLY_EXTRACTED_REVIEW_REQUIRED
41_aws_rds_aurora_postgresql/12_buffer_cache_read_write_iops_deep_dive.sql	none	NO_SEVERITY_LABEL	none	blks_hit + blks_read < 10000 || 100.0 * blks_hit / NULLIF(blks_hit + blks_read, 0) < 90	WHERE datname IS NOT NULL	SQL_SIGNAL_PLUS_EXTERNAL_PROVIDER_EVIDENCE	NOT_APPLICABLE	NOT_APPLICABLE	No severity label is emitted by active SQL.	SQL cannot prove AWS storage, billing, host, or historical DBLoad metrics; correlate the same time window in AWS telemetry.	MECHANICALLY_EXTRACTED_REVIEW_REQUIRED
41_aws_rds_aurora_postgresql/13_database_telemetry_completeness_audit.sql	none	NO_SEVERITY_LABEL	none	current_setting('track_io_timing') = 'off' || NOT ( to_regclass('pg_catalog.pg_stat_statements') IS NOT NULL OR to_regclass('public.pg_stat_statements') IS NOT NULL )	OR to_regclass('public.pg_stat_statements') IS NOT NULL AS pg_stat_statements_available, || OR to_regclass('public.pg_stat_statements') IS NOT NULL	SQL_SIGNAL_PLUS_EXTERNAL_PROVIDER_EVIDENCE	NOT_APPLICABLE	NOT_APPLICABLE	No severity label is emitted by active SQL.	SQL cannot prove AWS storage, billing, host, or historical DBLoad metrics; correlate the same time window in AWS telemetry.	MECHANICALLY_EXTRACTED_REVIEW_REQUIRED
42_problem_identification_internals/01_symptom_to_subsystem_router.sql	none	NO_SEVERITY_LABEL	none	none mechanically extracted	none mechanically extracted	CUMULATIVE_INSTANCE_COUNTER	NOT_APPLICABLE	NOT_APPLICABLE	No severity label is emitted by active SQL.	Counter totals are not current rates; calculate deltas across a known interval and account for resets.	MECHANICALLY_EXTRACTED_REVIEW_REQUIRED
42_problem_identification_internals/02_lock_manager_full_diagnosis.sql	none	NO_SEVERITY_LABEL	none	none mechanically extracted	WHERE cardinality(pg_blocking_pids(a.pid)) > 0 || OR (a.wait_event_type = 'Lock' AND a.pid <> pg_backend_pid()) || WHERE name IN (	LIVE_INSTANCE_SNAPSHOT	NOT_APPLICABLE	NOT_APPLICABLE	No severity label is emitted by active SQL.	Point-in-time evidence can miss intermittent events; repeat or sample and correlate with logs.	MECHANICALLY_EXTRACTED_REVIEW_REQUIRED
42_problem_identification_internals/03_logical_replication_cdc_health.sql	HIGH,REVIEW	HARDCODED_THRESHOLD	none	c.relreplident = 'n' || c.relreplident = 'd' AND i.indexrelid IS NULL || c.relreplident = 'f' || safe_wal_size IS NOT NULL AND safe_wal_size < 1024::bigint * 1024 * 1024	WHERE name IN (	CATALOG_OR_CONFIGURATION_FACT	HIGH	LOW	The rule is explicit and evaluates current catalog/configuration or live-state evidence.	Current database/instance state only; provider, OS, application, and historical context may still be required.	MECHANICALLY_EXTRACTED_REVIEW_REQUIRED
42_problem_identification_internals/04_partition_pruning_maintenance_health.sql	HIGH,REVIEW	HARDCODED_THRESHOLD	none	current_setting('enable_partition_pruning') <> 'on' || coalesce(d.default_partition_bytes, 0) >= 1024::bigint * 1024 * 1024 * 1024 || coalesce(s.leaf_count, 0) = 0 || s.smallest_leaf_bytes > 0 AND s.largest_leaf_bytes >= s.smallest_leaf_bytes * 20 || EXISTS (SELECT 1 FROM pg_extension WHERE extname = 'pg_partman')	WHERE i.indexrelid IS NULL OR NOT i.indisvalid OR NOT i.indisready OR NOT i.indislive	CATALOG_OR_CONFIGURATION_FACT	HIGH	LOW	The rule is explicit and evaluates current catalog/configuration or live-state evidence.	Current database/instance state only; provider, OS, application, and historical context may still be required.	MECHANICALLY_EXTRACTED_REVIEW_REQUIRED
42_problem_identification_internals/05_extension_runtime_health.sql	HIGH,OK,REVIEW	HARDCODED_THRESHOLD	none	count(*) FILTER (WHERE NOT active) > 0 || count(*) FILTER ( WHERE to_jsonb(r)->>'status' = 'failed' AND NULLIF(to_jsonb(r)->>'end_time', '')::timestamptz >= clock_timestamp() - interval '24 hours' ) > 0 || count(*) > 0 || count(*) FILTER ( WHERE coalesce((to_jsonb(n)->>'isactive')::boolean, false) = false AND coalesce(to_jsonb(n)->>'noderole', 'primary') = 'primary' ) > 0 || EXISTS (SELECT 1 FROM pg_extension WHERE extname = 'vector') AND count(*) = 0 || EXISTS (SELECT 1 FROM pg_extension WHERE extname = 'vector')	WHERE to_jsonb(r)->>'status' = 'failed' || AND NULLIF(to_jsonb(r)->>'end_time', '')::timestamptz >= clock_timestamp() - interval '24 hours' || WHERE coalesce((to_jsonb(n)->>'isactive')::boolean, false) = false || AND coalesce(to_jsonb(n)->>'noderole', 'primary') = 'primary' || WHERE a.amname IN ('hnsw', 'ivfflat');	CATALOG_OR_CONFIGURATION_FACT	HIGH	LOW	The rule is explicit and evaluates current catalog/configuration or live-state evidence.	Current database/instance state only; provider, OS, application, and historical context may still be required.	MECHANICALLY_EXTRACTED_REVIEW_REQUIRED
42_problem_identification_internals/06_pg18_async_io_readiness.sql	REVIEW	HARDCODED_THRESHOLD	none	current_setting('server_version_num')::integer >= 180000	WHERE name IN (	CUMULATIVE_INSTANCE_COUNTER	MEDIUM	LOW	The rule is explicit, but its input is cumulative, sampled, estimated, or capture-cadence dependent.	Counter totals are not current rates; calculate deltas across a known interval and account for resets.	MECHANICALLY_EXTRACTED_REVIEW_REQUIRED
42_problem_identification_internals/07_row_level_security_policy_health.sql	HIGH,REVIEW	HARDCODED_THRESHOLD	none	c.relrowsecurity AND coalesce(p.policy_count, 0) = 0 || NOT c.relrowsecurity AND coalesce(p.policy_count, 0) > 0 || c.relrowsecurity AND NOT c.relforcerowsecurity || coalesce(p.public_policy_count, 0) > 0 || qual IS NULL AND cmd IN ('SELECT', 'UPDATE', 'DELETE', 'ALL') || with_check IS NULL AND cmd IN ('INSERT', 'UPDATE', 'ALL') || 'public' = ANY(roles)	WHERE c.relkind IN ('r', 'p') || AND n.nspname <> 'information_schema' || AND (c.relrowsecurity OR c.relforcerowsecurity OR coalesce(p.policy_count, 0) > 0)	CATALOG_OR_CONFIGURATION_FACT	HIGH	LOW	The rule is explicit and evaluates current catalog/configuration or live-state evidence.	Current database/instance state only; provider, OS, application, and historical context may still be required.	MECHANICALLY_EXTRACTED_REVIEW_REQUIRED
